site_clean,target,fire_count,fire_min,fire_max,fire_mean,fire_sum,fire_std,fire_med,fire_major,fire_minor,burnt_enco,fire_sn_ord,fire_f,fire_tot,since_fire,fire_gap,fire_pois1_2,fire_pois1_5,fire_pois1_10,tot_an_emsi_avg_si,tot_an_drsi_avg_si,tot_avg_emse_djf,tot_avg_emse_mam,tot_avg_emse_jja,tot_avg_emse_son,tot_avg_emse_dry,tot_avg_emse_wet,tot_avg_emse_annual,tot_avg_drse_djf,tot_avg_drse_mam,tot_avg_drse_jja,tot_avg_drse_son,tot_avg_drse_dry,tot_avg_drse_wet,tot_avg_drse_annual,b1_wfp_dry_mean,b1_wfp_dry_p50,b1_wfp_dry_p99,b1_wdc_dry_major,b1_n17_dry_major,b1_hsd_mean,b1_hsd_p50,b1_hsd_p99,b1_hmc_mean,b1_hmc_p50,b1_hmc_p99,b1_hcv_mean,b1_hcv_p50,b1_hcv_p99,b1_h99_mean,b1_h99_p50,b1_h99_p99,b1_fdc_dry_major,b1_ccw_dry_mean,b1_ccw_dry_p50,b1_ccw_dry_p99,b1_dbifm_dry_mean,b1_dp1fm_dry_mean,b1_dp1fm_dry_p50,b1_dp1fm_dry_p99,b2_dp1fm_dry_mean,b2_dp1fm_dry_p50,b2_dp1fm_dry_p95,b3_dp1fm_dry_mean,b3_dp1fm_dry_p50,b3_dp1fm_dry_p99,b1_dbifm_dry_p50,b1_dbifm_dry_p99,b2_dbifm_dry_mean,b2_dbifm_dry_p50,b2_dbifm_dry_p99,b3_dbifm_dry_mean,b3_dbifm_dry_p50,b3_dbifm_dry_p99,b4_dbifm_dry_mean,b4_dbifm_dry_p50,b4_dbifm_dry_p99,b5_dbifm_dry_mean,b5_dbifm_dry_p50,b5_dbifm_dry_p99,b6_dbifm_dry_mean,b6_dbifm_dry_p50,b6_dbifm_dry_p99,dbifmdry_r32,dbifmdry_r42,dbifmdry_r43,dbifmdry_r52,dbifmdry_r53,dbifmdry_r54,dbifmdry_r62,dbifmdry_r63,dbifmdry_r64,dbifmdry_r65,dbifmdry_GSAVI,dbifmdry_GNDVI,dbifmdry_CVI,dbifmdry_NDGI,dbifmdry_RI,dbifmdry_NBR,dbifmdry_NDII,dbifmdry_GDVI,dbifmdry_MSAVI,dbifmdry_DVI,dbifmdry_SAVI,dbifmdry_NDVI,dbifmdry_MSR
amg01.2012,8376.216104,16,10,10,10,160,0,10,10,10,1,2,0.44286,7,3,3.066666667,6.492,0.494,0.01,10.8185117,11.64479154,331,222,79.6,178.3,145.8,648.3,794.1,280.8,261.8,2.1,104.6,6.3,624.5,630.8,44,44,49.76,3,1,103.8762444,103.6888504,104.9313544,106.2549074,105.9104614,108.7297116,169.4135183,164.1144714,,113.9308658,113.7153702,117.5315234,3,66,67,72.76,292.4444444,11.22222222,12,13,32.22222222,32,35.2,55.22222222,55,58.84,276,389.92,500.7777778,490,583.88,655.8888889,654,746.64,1938.888889,1925,2059.52,2074.777778,2055,2237.24,1071.333333,1026,1215.76,13097404,38717550,29561240,41431107,31633068,10700860,21393388,16334067,5525501,5163605,2899973,5898277,50775600,-1341991,1341991,2881356,-338983,1438000,2197130,1283000,2534571,4947937,7201101
amg05.2012,24670.8,20,5,10,9.75,195,1.089724736,10,10,5,1,2,0.775,4,6,4.4,2.572,0.049,0,10.68732615,11.87994648,314.1,204.6,62.7,159.1,115,615.7,730.7,281.5,271.1,0.4,77.7,0.9,629.8,630.7,34.83333333,36,39,3,4,103.1392759,103.027401,104.6997619,105.1402829,105.1534767,107.451994,157.6130002,157.8769379,165.5580844,111.4926758,111.0981369,115.9783057,3,54.75,56,60,223.5833333,8.75,9.5,11,37.25,38,40,52.75,51.5,59.56,228,262.34,395.8333333,392.5,477.57,500.6666667,500.5,595.37,1483.5,1478.5,1594.93,1652.166667,1613,1965.5,940.25,922.5,1176.38,12648421,37477895,29630493,41738947,32999334,11136951,23753684,18779960,6338052,5691012,2372783,5793397,47524435,-1173184,1173184,2241024,-539075,1088000,1753382,983000,2111557,4957136,7222079
amg06.2012,3086.16,16,5,5,5,80,0,5,5,5,1,1,0.34444,9,3,2.766666667,9.432,1.258,0.064,10.71729864,11.86450447,316.5,207.4,64.5,162.1,118.7,621,739.7,277.7,275.1,0.4,86.7,1.4,647.2,648.6,29.77777778,29,37,2,4,103.0152859,103.1588669,104.3126053,104.740654,104.5195389,107.4299463,163.2935638,163.678772,170.4125696,110.9099536,111.1538544,115.1017297,3,48.33333333,47,58,259.5555556,5.222222222,6,6.92,33.77777778,33,39,59.44444444,59,63.92,265,339.76,477,465,548.8,614.6666667,619,683.24,1571.888889,1599,1623,1858.222222,1846,2006.2,1005.333333,998,1186.68,12886094,32953645,25573030,38956441,30231381,11821588,21076171,16355748,6395702,5410189,2328320,5341797,42394332,-1255729,1255729,2197205,-836979,1094000,1668140,957000,1997912,4379863,5995724
amg08.2012,29521.8,16,0,10,4.375,70,,0,0,10,0,0,0,0,25,15.5,0,0,0,10.77833033,11.77899598,325.3,214.9,72.3,170.4,132.9,635.4,768.3,280.2,271.1,1.3,99.8,3.2,640,643.2,57.22222222,58,61.76,3,4,103.4244283,103.1364441,105.501662,107.5853407,107.1794205,110.0047818,144.8539785,144.3368378,152.3991968,113.893553,112.9249115,118.1651343,3,79.22222222,80,82.84,159.3333333,3.333333333,4,4.92,53.33333333,54,56.2,41.77777778,41,47.52,166,187.72,317.2222222,314,348.84,307.7777778,303,355.92,1449.444444,1448,1557.6,1179.333333,1179,1263.84,578.3333333,587,608.8,9702277,45691769,47093863,37176883,38317690,8136451,18231173,18790614,3990034,4903901,2509607,6409966,44267830,,,4296991,1027397,1132000,2118919,1142000,2535524,6503417,11725261
amg10.2012,2832.032,20,0,0,0,0,0,0,0,0,0,0,0.62,5,2,4.366666667,3.768,0.127,0.001,10.84843401,11.74048285,335.4,224.6,80.8,180.2,149,655.7,804.7,317.7,255.3,1.6,102.7,4.8,652.7,657.5,16.75,16.5,23,2,1,102.5863256,102.5451889,103.436227,104.3307052,104.1945648,106.7935703,161.3260679,159.0872803,182.9372711,110.10146,110.0981026,113.1426208,2,29.1875,29,39,364.4166667,2.25,2,3.89,22.5,22,25.45,73.75,74.5,76,367,408.57,610.4166667,614.5,647.79,851.1666667,843.5,921.69,1964.333333,1969.5,2063.14,2586.583333,2614.5,2666.23,1550.833333,1583,1667.94,13944027,32180205,23078128,42374061,30388682,13167741,25406143,18220090,7894960,5995683,2681542,5260295,44917065,-1649555,1649555,1178145,-1367033,1354000,1841765,1113000,2136276,3953819,5191686
ant06.2012,6006,20,0,0,0,0,0,0,0,0,0,0,0,0,25,15.5,0,0,0,10.27105069,11.73045984,236.9,131.6,27.7,103.5,50.5,449.8,500.3,151.3,256.6,2.6,70.3,4,498.4,502.4,50.77777778,50,58.84,3,6,102.0903151,101.672554,104.0272714,102.7608524,102.8709183,103.1531702,146.4605035,146.0487061,149.640271,104.8925841,105.013031,105.6056311,3,73.33333333,73,80.84,427.5555556,10.22222222,10,13.92,48.66666667,48,54.2,39.66666667,39,45,406,543.68,641.7777778,647,748.16,738.5555556,730,883.2,2034,2037,2078.96,1734.777778,1697,1902.84,966.3333333,969,1153.6,11507964,31693213,27540244,27030817,23488792,8528898,15057133,13084098,4750901,5570358,2722476,5207477,36533498,-703408,703408,3560000,796178,1393000,2180429,1296000,2501287,4675325,6601499
auv01.2012,4268.88,25,0,0,0,0,0,0,0,0,0,0,1.55,2,5,8.3,0.732,0.002,0,10.23658981,11.9126087,388.7,220.3,45.7,311,132.4,845.4,977.8,367.4,195.1,0,66.2,0,594,594,3.888888889,3,8.76,1,3,102.0760735,102.0171661,102.3915747,103.7402225,103.6971283,104.2683875,155.6940884,157.6378479,160.9095154,108.7753737,108.7378159,111.6863779,2,7.555555556,6,15.6,537.2222222,4.777777778,5,6,11,10,15.8,82.77777778,84,85.92,534,605.24,786.7777778,787,858.24,1094.222222,1110,1174.64,1927.333333,1916,2000.6,2951,2940,3067.92,1953.111111,1946,1993.6,13907640,24496540,17613729,37507414,26968928,15311311,24824177,17849310,10133748,6618472,2218981,4205676,34123529,-1638298,1638298,-67010,-2099221,1141000,1330275,833000,1557786,2757365,3271872
auv02.2012,3086.16,16,6,6,6,96,0,6,6,6,1,1,0.44286,7,5,2.733333333,6.492,0.494,0.01,10.20208116,11.96016919,380,215.9,41,294.3,120,821.5,941.5,325.4,185.6,0,46.2,0,534.5,534.5,4.5,4,8,1,3,102.3335978,102.291153,102.9594553,104.3399718,103.9012909,106.0162381,163.9725664,163.5387115,169.9350519,108.4384969,108.799881,109.7247232,2,7.444444444,7,14,510.8888889,20.11111111,21,25.92,18.11111111,19,24.8,60,58,74.28,511,585.68,751.7777778,766,794.52,1108.555556,1112,1170.04,2037.222222,2034,2105.84,2712,2708,2810.84,1492,1496,1599.32,14745788,27098729,18377268,36074490,24464268,13312244,19846290,13458956,7323698,5501475,2476888,4612626,40017589,-1920387,1920387,1544347,-1421352,1286000,1474683,929000,1710866,2953895,3558937
auv03.2012,1349.04,20,0,0,0,0,0,0,0,0,0,0,0.775,4,13,5.733333333,2.572,0.049,0,10.20202877,11.95729619,380.6,215.7,41.4,294.7,120,822.1,942.1,330.3,183.3,0,41.8,0,532.4,532.4,1.666666667,2,2.92,1,1,101.7315767,101.5826492,102.2152423,102.9420641,102.9134369,103.2483585,155.8755697,154.1373596,164.266969,111.452223,111.3464966,113.8832678,1,3.777777778,4,5.84,506.6666667,2.888888889,3,4,7.777777778,8,9.2,87.77777778,88,89,493,544.84,798.5555556,797,878.2,1176.333333,1160,1236.12,2087.555556,2105,2191.8,2740,2716,2898.04,1549.777778,1578,1610.84,14730764,26141645,17746293,34311952,23292717,13125399,19407263,13174648,7423888,5656123,2452124,4467938,38541090,-1914894,1914894,1479648,-1352807,1289000,1429654,911000,1653758,2791909,3321636
auv05.2012,73.92,20,0,0,0,0,0,0,0,0,0,0,0.775,4,2,5,2.572,0.049,0,10.0349456,11.93405726,364.2,205.7,32.2,263.7,95.9,776.2,872.1,326.8,181.3,0,46.5,0,566.4,566.4,1.75,2,2,1,3,101.5315043,101.5907059,101.7545352,103.209571,103.2068939,103.5145062,159.7223511,161.6062927,164.2553845,106.1887021,106.1112518,106.7740631,1,3,3,5,580.7777778,30.22222222,33,39.92,4.888888889,5,9,63.44444444,57,89.6,574,680.12,906.1111111,894,1004.48,1351.333333,1337,1475.24,2002.666667,1992,2198.48,2783.777778,2703,3145.72,2126.555556,2118,2212.28,14913550,22101778,14819931,30722256,20600230,13900355,23469037,15736721,10618620,7639100,2078907,3768913,32950577,-1971644,1971644,-300388,-1632184,1096000,1001333,651000,1169041,1941545,2173189
barkely07.2011,1894.2,20,0,0,0,0,0,0,0,0,0,0,3.1,1,1,10.13333333,0.195,0,0,10.89610091,11.75226381,310.3,153.8,56.8,169.7,112.7,592.7,705.4,463.7,325.5,3.4,194.2,3.4,963.8,967.2,3.444444444,3,5.92,1,3,100.8739751,100.8574142,101.0378564,101.6611947,101.6727676,101.7550128,146.9220903,145.0039063,154.424436,104.1429638,104.1550446,104.7079944,2,6.888888889,6,10.92,616.4444444,3.666666667,3,5.92,10.66666667,10,13.6,84.11111111,85,86.92,613,690.04,1144.888889,1123,1240.4,1585.444444,1601,1719.76,2953.888889,2958,3113.76,3013.666667,3021,3162.44,1741.666667,1746,1787.96,13848020,25800660,18631299,26322787,19008340,10202370,15212539,10985353,5896182,5779228,2982851,4415426,35763554,-1615977,1615977,2582020,-100570,1809000,1962156,1368000,2151394,3014544,3649511
buff01.2021,9995.51,20,0,0,0,0,0,0,0,0,0,0,1.03333,3,3,6.833333333,1.543,0.014,0,10.98650407,11.71554331,416.3,363.5,262.7,447,463.5,1032.5,1496,1414,234.6,10.7,172.2,17.6,1814,1831.6,48.33333333,48,55.67,3,1,104.4433104,104.4768105,105.1285265,108.8802268,108.5585327,111.0643208,154.5856603,153.0641327,165.0252776,116.5138404,116.0027428,118.7882266,3,70.75,70.5,77.67,325.5833333,2.333333333,2,4,46.83333333,46.5,50.9,49.41666667,50,53.89,278.5,441.56,471.3333333,442,610.27,564.3333333,550,683.24,1890.333333,1886,1988.69,1876.75,1859,2018.06,919.0833333,907,1035.24,11973126,40106082,33496751,39817893,33256054,9928143,19499646,16286178,4862017,4897207,2891591,6010165,48050631,-898551,898551,3456746,37175,1419000,2312654,1326000,2668366,5403423,8305911
centa13.2013,6946.7825,16,0,8,5.25,84,3.561951712,7,8,7,1,2,0.13478,23,1,1.3,24.965,,,10.90469401,11.96487183,391.8,327.9,161.3,285.9,329.3,839.1,1168.4,325.1,361.1,0,220.9,1.1,843.2,844.3,24.55555556,22,35.84,2,8,103.8543667,103.6843796,105.0100116,107.9997881,107.5976868,112.03569,151.5812971,150.9605713,160.6935138,113.5655738,112.2047806,119.7778809,2,40.77777778,37,55.84,382.1111111,27.66666667,28,30,29.66666667,30,33.6,41,41,46.84,373,424.24,611.2222222,625,683.32,861.1111111,838,946.36,1772.666667,1778,1903.6,1672,1647,1809.16,1103.666667,1087,1198.76,14088348,29002000,20585806,27355026,19416774,9432117,18056717,12816774,6226025,6600877,2358797,4872010,40868100,-1698370,1698370,2326957,290360,1161000,1514626,911000,1790253,3459932,4345982
centa14.2012,7658.5425,20,6,6,6,120,0,6,6,6,1,1,0.155,20,2,1.4,22.908,11.563,,10.91240015,11.67306765,408.1,297.4,140.5,285.5,274.9,857.3,1132.2,472.8,189,0.1,49.1,10.6,569,579.6,19.3125,18,27,2,8,103.9895253,103.9400597,104.6661583,107.0188723,106.8526497,108.9134293,164.9544897,165.9600296,170.8444633,114.343257,114.3128357,116.4200932,2,33.125,31,45,269.3125,5.5625,5,9,42.1875,42,44.25,50.875,51.5,54.85,256.5,338.55,524.6875,525,562.7,713.5625,723.5,766.25,2023.75,2022,2066.45,2020.5625,2035,2131.2,1179.25,1189.5,1263.25,13599762,38570578,28361216,38509827,28316546,9984250,22475283,16526233,5827054,5836246,2979330,5885355,52531867,-1527890,1527890,2635853,7420,1499000,2214411,1310000,2540072,4788012,6844308
el02.2013,2439.36,25,0,0,0,0,0,0,0,0,0,0,1.03333,3,1,5.6,1.543,0.014,0,9.935160036,11.80286886,306.4,144.9,27.1,108.3,71,475.1,546.1,292.5,103.4,3.8,44.3,11.6,369,380.6,2.25,2,5,1,10,101.1113936,101.1639671,101.7107757,102.4436175,102.5637779,103.9888306,,127.0004158,134.7268774,104.6637885,104.7285194,107.2169641,1,4.916666667,4.5,10,530.5833333,35.41666667,35,39.89,8.75,8.5,13,54.5,55,57.89,536.5,551.34,978.9166667,980,1009.78,1667.166667,1687,1758.34,2505.583333,2488.5,2616.34,3436.25,3429,3618.56,2763.833333,2775.5,3024.87,17030731,25595471,15028991,35102579,20611317,13714371,28233592,16578027,11030698,8043167,2700106,4384152,43658179,-2604915,2604915,-489749,-1567076,1527000,1214926,838000,1370475,2008629,2258464
ep01.2012,18757.2,20,0,0,0,0,0,0,0,0,0,0,0.62,5,3,4.166666667,3.768,0.127,0.001,10.83053353,11.45875321,455.9,326.2,242,507.6,469.4,1072.6,1542,842.1,602.3,0.2,208.1,108.9,1461.9,1570.8,,85,87,4,1,102.7680289,102.770401,103.6059089,107.5364005,107.538475,109.1512317,138.3840116,137.1875,144.8245865,113.2951272,113.5834694,116.578345,4,96.66666667,97,97,320.5833333,2.5,2,4,,81,84.45,14.41666667,14.5,20.89,295,549.42,393.4166667,384.5,512,294,292.5,367.96,2258.833333,2248,2396.23,1340.25,1355.5,1397.56,545.6666667,558,607.45,,57415802,,34066935,,5933373,13869943,18560091,2415701,4071380,3656385,7035081,42981955,,,6111309,2551417,1865000,3597595,1964000,3900953,7695925,
girra01.2012,17994.76,20,7,7,7,140,0,7,7,7,1,2,0.18235,17,5,1.733333333,20.085,8.323,2.815,10.83306448,11.44150493,454.7,332.8,239,484.9,461.8,1058.4,1520.2,926.4,577.6,1.3,238.8,75.7,1530.7,1606.4,37.55555556,44,60.44,3,7,103.3404329,103.1368027,105.9035226,106.1518979,106.1687469,109.7057416,149.197247,147.5958405,161.6760968,111.5862384,110.6736908,119.3290762,3,56,67,81.6,247.8888889,1.111111111,1,1.92,48.33333333,49,50.6,48.88888889,49,51.92,254,265.12,467.2222222,465,487.2,625.5555556,618,679.88,2271.222222,2304,2398.16,2042.555556,2046,2130.68,1029.333333,999,1145.56,13388823,48611177,36307282,43717004,32651865,8993200,22030916,16454707,4532068,5039439,3497028,6588751,65082375,-1446886,1446886,3763636,530953,1804000,2804744,1646000,3126900,5683702,9062004
girra02.2012,3123.12,16,6,6,6,96,0,6,6,6,1,1,0.3875,8,4,2.533333333,7.949,0.82,0.027,10.87915045,11.43891821,454.9,335.5,241.6,484.4,465.5,1059.3,1524.8,836,558.4,0.8,220.5,69.1,1426.3,1495.4,10.44444444,10,16.68,2,7,103.176445,103.2245712,103.9603784,104.4639401,104.7976608,105.1215833,179.9838443,179.9544983,191.0870422,110.1682019,109.7015762,113.3472104,2,18.44444444,18,28.52,219.1111111,26.66666667,28,33.6,18.33333333,18,22.8,53.55555556,54,63.84,208,258.76,367.3333333,367,419.68,523.1111111,526,567.64,1508,1509,1590.76,1915.666667,1900,2006.32,1023.333333,1000,1097.84,14240774,41052632,28827528,52150635,36620646,12703360,27858439,19562447,6786030,5341918,2489455,6085333,58555933,-1752809,1752809,1916239,-1189015,1141000,1748371,985000,2101408,4849828,6980475
gulf10.2013,7478.59,20,7,7,7,140,0,7,7,7,1,2,0.28182,11,4,2.333333333,12.385,2.485,0.251,10.77772187,11.74994843,431.4,343.5,155.4,330.8,339.4,919.5,1258.9,367.3,507,0.8,150.9,22.8,908.1,930.9,7.666666667,7,11,1,7,102.8017875,102.7132416,103.6981329,104.7153278,104.7607422,105.4442245,161.7228071,161.8370667,167.5952271,110.5674913,110.5452118,112.699252,2,14.11111111,13,20,489.2222222,21.33333333,22,25.76,25.55555556,24,34.6,51.77777778,54,58.76,490,599.52,757.8888889,759,832.72,1034.666667,1071,1147.8,1959.888889,1943,2049.84,2325.111111,2333,2465.96,1601,1643,1765.44,13651957,25859845,18942225,30678786,22472079,11863484,21124469,15473582,8168830,6885692,2336703,4425626,35347867,-1546622,1546622,1005618,-854342,1202000,1488380,925000,1735894,3090545,3764389
gulf11.2013,10763.3225,20,0,0,0,0,0,0,0,0,0,0,0.22143,14,1,1.7,16.531,5.115,1.063,10.93607686,11.73182291,445.9,339.3,165.2,356.5,358,944.6,1302.6,355.7,480.4,1.3,196.6,17.3,904.8,922.1,44.58333333,46,48.78,3,4,103.1727708,103.1932335,103.6552839,105.8261019,105.9239273,106.4464854,155.6061147,155.6490784,160.1703636,112.248003,112.3934364,113.1196198,3,66.66666667,68,70.89,342.4166667,8.416666667,9,11.78,44.08333333,45,46.45,46.08333333,45.5,50.89,337,382.25,593.0833333,593,638.69,765.75,760.5,853.29,2094.833333,2096,2188.09,2224.25,2216.5,2360.64,1378.5,1354.5,1510.27,12911339,35321062,27356622,37503161,29046686,10617790,23242939,18001959,6580476,6197595,2928971,5586156,45554232,-1266568,1266568,2062212,-301065,1501000,2221133,1329000,2536582,4648478,6544651
hsf01.2012,25701.69,20,0,0,0,0,0,0,0,0,0,0,0,0,25,15.5,0,0,0,10.83116217,11.47829464,455.5,331.7,238.8,490,462.6,1061.9,1524.5,1011.8,664.9,0,291.4,122.4,1602.4,1724.8,65.25,66.5,69.89,3,4,102.8898373,102.7171249,104.2381236,107.1547585,107.1040764,109.2623365,146.1245511,146.6202087,151.2030765,112.8772678,112.2833977,116.3344658,3,85.58333333,86.5,88.89,264.6666667,3.583333333,3.5,5,59.83333333,60.5,63.45,35.25,34.5,40.89,259,288.89,386.75,394.5,423.56,361.5,359,389.78,1666.666667,1673.5,1737.01,1230.416667,1225.5,1258.79,565.4166667,580.5,600.89,,43094161,46104195,31814264,34036422,7382500,14619694,15640848,3392500,4595327,2722632,6237817,40365245,,,4935007,1505525,1280000,2383996,1305000,2785684,6438086,11482454
hsf02.2012,26636.295,16,0,0,0,0,0,0,0,0,0,0,0,0,25,15.5,0,0,0,10.83116217,11.47829464,455.5,331.7,238.8,490,462.6,1061.9,1524.5,1011.8,664.9,0,291.4,122.4,1602.4,1724.8,59.88888889,61,65.84,3,4,102.6941808,102.5454865,104.1277844,106.2696593,105.9152222,109.8546027,145.2576633,144.881012,149.9462457,111.7693626,111.0202789,116.0761359,3,81.33333333,82,85.92,266.2222222,4.555555556,4,8.84,55.44444444,56,59.6,38.66666667,39,44.76,309,345.44,396.7777778,420,463.08,401.1111111,416,447.44,1721.666667,1722,1790.04,1281.777778,1271,1336.76,634.5555556,639,696.12,10109213,43391207,42922438,32304677,31955679,7444982,15992719,15819945,3685705,4950589,2792609,6258857,44008328,-62735,62735,4615711,1465690,1325000,2388352,1320000,2780118,6220547,10716589
hshr01.2012,35199.71,16,0,0,0,0,0,0,0,0,0,0,0.44286,7,7,3.933333333,6.492,0.494,0.01,10.84900121,11.48127336,457.3,332.9,242.3,494.6,468.2,1067,1535.2,985.3,596.7,0,276.2,91.3,1577.3,1668.6,72.55555556,73,82.76,4,1,104.4255668,104.249588,106.094194,111.0525699,110.7542114,114.0974222,141.6434479,140.2699585,147.6827545,117.9482261,116.9997253,122.9249463,3,90.22222222,91,95.92,234,2.333333333,2.5,3,71.33333333,71,75.75,24.83333333,25,29,254,336.32,367.3333333,364,416.52,384.4444444,392,459.04,2125.777778,2162,2408.12,1293.555556,1316,1657.52,554.1111111,555,754.6,10465820,57870538,,35214761,33647399,6085093,15084694,14413295,2606628,4283628,3519754,7054575,60584012,-226365,226365,5864128,2434172,1758000,3131803,1741000,3477827,6939020,13524145
jdr01.2012,21469.14,25,0,0,0,0,0,0,0,0,0,0,0.51667,6,15,5.833333333,5.087,0.269,0.003,10.80049848,11.66962283,430.5,306.9,137.6,388.3,303.8,985.2,1289,929.2,574.5,0,148,18.7,1562,1580.7,51.16666667,50,60.56,3,1,104.6958262,104.6547813,105.2617178,110.7609482,110.806778,113.5703072,146.2808393,145.0387878,152.9320049,118.2873472,118.2852631,119.9754755,3,73.58333333,73,81.67,292.1666667,2.416666667,2,3.89,48.83333333,48,54.35,47.33333333,48,51.89,294,362.81,533.5,528.5,578.23,743.9166667,739,872.17,2484,2487.5,2599.9,2056.5,2049.5,2260.81,1055.75,1092.5,1218.28,13944080,46560450,33390837,38547329,27644225,8278986,19789128,14191778,4250201,5133722,3650368,6466689,64965979,-1645768,1645768,4037864,942731,1951000,2880712,1741000,3174304,5395104,8284428
jdr02.2012,22699.39,16,0,0,0,0,0,0,0,0,0,0,0.34444,9,7,3.1,9.432,1.258,0.064,10.78585248,11.68718277,431.2,308.6,139.9,391.2,307.9,988.1,1296,943.5,554.7,0,144.4,17.7,1566.1,1583.8,41.25,40,50.25,3,1,104.7875805,104.8068657,105.3054783,108.4724703,108.3088646,110.1598682,161.1978464,161.5141144,166.5326431,116.8026075,116.9132233,118.5483627,3,62.875,62,73.1,345.25,1.461538462,1,2.88,48.07692308,47,54.8,49.15384615,50,52.88,349,388.79,588.75,575,647.84,879,862,955.27,2376.25,2380,2444.82,2363.75,2374,2486.97,1243,1246.5,1318.53,14929936,40360934,27033561,40148620,26891354,9947396,21112527,14141069,5230931,5258593,3367654,6032389,60406081,-1983640,1983640,3130699,27432,1788000,2429751,1497000,2720170,4599078,6441021
jdr03.2012,11180.4,20,0,5,0.75,15,1.785357107,0,0,5,0,0,0.18235,17,1,1.8,20.085,8.323,2.815,10.78631962,11.65870377,432.2,309.3,140.3,395.6,310.2,992.8,1303,925.8,551.8,0,160,17.4,1548.7,1566.1,31.77777778,33,39.76,3,1,103.6990339,103.6705017,104.124743,106.5205739,106.7857971,107.2196024,158.3909268,157.1536713,170.1807269,113.7422943,113.8440247,114.9232208,3,51,53,61.68,454.4444444,1.222222222,1,2,34,35,36.6,63.55555556,63,67.92,457,491.2,767.6666667,769,796.12,1120.555556,1112,1221.76,2718.222222,2709,2923.32,2664.444444,2671,2831.92,1493.222222,1517,1595.84,14596903,35408887,24257809,34708351,23777888,9802158,19451440,13325731,5493378,5604254,3449028,5598278,51745996,-1870694,1870694,2909048,100334,1951000,2463714,1598000,2712152,4163627,5578144
jdr04.2012,3742.2,25,0,0,0,0,0,0,0,0,0,0,0.62,5,21,9.533333333,3.768,0.127,0.001,10.78422203,11.63941457,430.2,304.75,133.9,384.4,297.2,981.65,1278.85,895.55,603.9,0,141.05,17.35,1545.75,1563.1,7.75,7,13,1,1,101.1101532,101.0590363,101.4701405,102.1712532,102.1611557,102.6108815,145.1702181,144.537796,150.2746056,105.0653585,104.879612,106.1131654,2,14.08333333,13,23,366.8333333,1.75,1.5,3.89,19.75,21,22.35,77.33333333,77,80,353.5,443.9,579.3333333,569,660.35,908.6666667,903.5,1006.72,1842.333333,1850.5,1906.35,3093,3071.5,3201.24,1849.25,1901.5,2002.06,15684695,31800921,20275128,53388953,34038885,16788493,31920311,20351247,10037543,5978823,2552890,5216853,49890556,-2212508,2212508,-18965,-2534954,1263000,1537948,934000,1807742,3396364,4243014
legu01.2012,2217.6,16,0,0,0,0,0,0,0,0,0,0,0.44286,7,3,3.1,6.492,0.494,0.01,10.07667959,11.96365211,402,225.9,54.1,329.9,143,878.2,1021.2,500,337.3,0,120.1,0,957.4,957.4,2.125,2,3.93,1,1,101.7710376,101.854454,102.0067432,102.8218104,102.8842773,103.1736511,161.0190006,161.8762054,167.6771167,109.5826009,109.285675,111.8546713,1,4.222222222,5,6.92,465.5555556,4,4,5.92,8.222222222,9,10.6,86.55555556,86,89.84,464,530.6,827.5555556,818,914.88,1294.111111,1328,1392.2,2344.111111,2342,2402.2,3043.444444,3048,3137.32,1922.555556,1932,2084.76,15637755,28325725,18113677,36776316,23517644,12983363,23231740,14856186,8201640,6317038,2784849,4783980,44348697,-2201792,2201792,989217,-1297568,1517000,1605156,1050000,1823339,2886201,3458965
legu04.2012,3648.393,16,0,0,0,0,0,0,0,0,0,0,0.25833,12,1,1.766666667,13.818,3.267,0.434,10.07667959,11.96365211,402,225.9,54.1,329.9,143,878.2,1021.2,500,337.3,0,120.1,0,957.4,957.4,9.583333333,9,18.56,1,3,102.4191252,102.3520851,103.0503481,104.2437592,104.0576057,106.0110537,162.4531962,162.8254623,168.8532825,109.2006957,109.8504181,112.4354945,2,17.33333333,16,32.34,487.0833333,9.333333333,9.5,14.78,17.41666667,17,24.35,71.66666667,73.5,80.56,472.5,592.12,828,832.5,911.68,1256.916667,1263.5,1427.05,2442.25,2455,2510.45,2739,2754,2931.35,1832.083333,1873.5,1991.6,15180153,29495773,19430485,33079710,21791421,11215068,22126610,14576013,7501621,6688877,2927449,4935780,44737800,-2053743,2053743,1427234,-573248,1614000,1814979,1186000,2045298,3207139,3943699
legu05.2012,4723.999,16,0,0,0,0,0,0,0,0,0,0,0.51667,6,1,3.233333333,5.087,0.269,0.003,10.07667959,11.96365211,402,225.9,54.1,329.9,143,878.2,1021.2,500,337.3,0,120.1,0,957.4,957.4,27.33333333,27,35.52,2,7,102.0971858,102.1667404,103.0168018,103.6764662,103.7717972,105.0991879,158.1656765,160.8113251,173.2172205,109.2948829,109.4481735,111.9803748,3,44.88888889,45,55.44,297.3333333,1.888888889,2,3,32,32,36.4,64.44444444,65,68,281,393.12,537.4444444,505,645.4,835.2222222,810,949.88,2103.111111,2116,2199.88,2161.111111,2163,2255.2,1152.666667,1156,1267.28,15540624,39131693,25180258,40210875,25874684,10275782,21447178,13800718,5480769,5333676,3074607,5931818,60894375,-2172012,2172012,2921659,-136023,1566000,2093748,1268000,2396070,4315861,5869981
legu06.2012,7715.4,20,0,0,0,0,0,0,0,0,0,0,0.44286,7,1,3.9,6.492,0.494,0.01,10.05933039,11.96648989,405.5,227,56.3,335.4,147.5,885.8,1033.3,500.4,336.1,0,121.4,0,957.9,957.9,53.875,55.5,65.4,3,1,102.3118768,102.294857,102.9897594,103.4730773,103.3061333,105.8895679,150.2117157,149.6274261,160.2142532,110.0300918,109.8568878,113.0366261,3,75.8125,78,85.55,289.0625,2.0625,2,4,48.625,49,51.5,47.875,47,51.85,288.5,396.8,531.4375,528.5,670.9,684.625,659.5,966.2,2576.75,2575.5,2760.95,1968.125,1885.5,2538.2,971.125,954.5,1407.1,12882512,48486417,37637393,37033988,28747490,7638013,18273551,14184773,3768798,4934265,3783767,6581912,62490344,-1259259,1259259,4524951,1338028,2045000,3153809,1892000,3435835,5803681,9406396
legu07.2012,9708.965,20,0,0,0,0,0,0,0,0,0,0,0.31,10,2,2.533333333,10.917,1.813,0.134,10.02166699,11.94278672,403,225.1,52.8,327,139.3,876.3,1015.6,483.8,332,0,121,0,936.7,936.7,47.77777778,49,52.76,3,4,103.292689,103.2526474,103.7833594,105.85043,105.7084122,107.3514819,149.7362874,149.892395,155.6050513,112.0118739,113.0763397,113.9334219,3,70.11111111,71,74.84,301.6666667,2.777777778,2,4.92,46.33333333,47,49.2,49.33333333,49,53.84,315,337.44,554.2222222,570,626.68,747.6666667,742,848.32,2348.888889,2331,2485.64,2189.222222,2149,2451.52,1134.666667,1118,1344.56,13490377,42381716,31416258,39500802,29280725,9320246,20473136,15176103,4830653,5182967,3405467,6181943,57147754,-1483474,1483474,3486502,350452,1794000,2660452,1601000,2966646,5172859,7729184
legu08.2012,4717.188,25,0,7,3.08,77,3.474708621,0,0,7,0,0,0.22143,14,1,2,16.531,5.115,1.063,9.887290713,11.93352009,400,223.3,50.2,320.4,133.3,868.5,1001.8,455.2,330.6,0,124.8,0,921.9,921.9,34.55555556,36,41.84,3,8,102.4383731,102.3254166,103.0609769,104.2470457,104.2669678,105.5178989,156.7879401,157.9541168,164.0978595,112.2002385,111.9048615,115.413808,3,54.44444444,56,62.92,339.2222222,7.333333333,6,15.52,38.11111111,39,43,53.33333333,54,59.6,334,389,651.2222222,674,717.56,910.8888889,936,1015.16,2267.111111,2216,2412.04,2258.333333,2257,2514.2,1347.666667,1347,1539.76,13987374,34813172,24888997,34678383,24792632,9961282,20694421,14795072,5944423,5967528,3061379,5538040,48677799,-1659193,1659193,2545656,19890,1616000,2200513,1357000,2489299,4271325,5783564
lim01.2012,4872.777,16,0,0,0,0,0,0,0,0,0,0,0.28182,11,1,2,12.385,2.485,0.251,10.94528871,11.73929398,410.4,257.9,103.8,256.5,214.4,807.1,1021.5,364.8,197.2,0,26.3,3.5,523.3,526.8,12.5,11.5,18.78,2,3,102.5316753,102.5109825,102.9594607,104.4270153,104.3146515,105.4239114,161.5893135,162.3868408,165.9986043,109.7573026,109.6128578,111.2960761,2,22.16666667,20.5,32.56,350.1666667,5.583333333,5.5,10.67,20.33333333,19.5,24.9,72.58333333,73,76,341.5,413.47,554.9166667,552,616.82,820.9166667,814,877.46,1763.5,1756,1862.28,2373.5,2370,2454.8,1570.333333,1584,1788.38,14793513,31779546,21482083,42772188,28912801,13459030,28298543,19129022,8904640,6616108,2478475,5217954,47102790,-1935953,1935953,579058,-1474855,1209000,1578584,943000,1865357,3650794,4662878
lim03.2012,8031.45,25,2,2,2,50,0,2,2,2,1,1,0.31,10,3,3.633333333,10.917,1.813,0.134,10.92591325,11.82456454,397.9,248.7,95.1,243.5,197.7,780.2,977.9,346.7,221.4,0.1,25.7,1.3,553.5,554.8,42.41666667,43,49.67,3,4,103.8052883,103.8294106,104.3451417,108.0188535,108.4484253,109.0821313,149.7698135,149.4083939,155.0626932,114.8070361,115.2945366,116.5297451,3,64.25,65,72.67,302.1111111,1.777777778,2,3,33.88888889,34,38,62.66666667,62,68.76,297,350.6,557,537,639.84,792.6666667,767,939.88,1981.333333,1968,2065.8,2341.555556,2298,2573.96,1398.444444,1376,1642.32,14230999,35571514,24995795,42038699,29540230,11818080,25106723,17642276,7058098,5972288,2833643,5610717,50570735,-1742031,1742031,1725363,-832948,1424000,1985566,1189000,2294481,4287775,5815381
lim04.2012,3156.902,16,2,2,2,32,0,2,2,2,1,1,0.44286,7,4,2.866666667,6.492,0.494,0.01,10.87134609,11.85733779,395,246,91.4,239,191.6,771.8,963.4,333.1,216.2,0.1,29.1,0.6,549.6,550.2,25.58333333,26,32.67,2,8,102.9314047,102.9715652,103.3114739,104.97096,104.9514771,105.5560082,163.0169525,162.4044876,169.9542439,110.8970903,110.7474136,112.4543829,3,42.5,43,52.56,390.75,7.416666667,7.5,11,19.25,20,24.45,71.91666667,70,79,390.5,424.9,712,728,773.79,1032.083333,1041.5,1119.13,1990.416667,1987,2106.85,2588.416667,2585.5,2676.24,1718.5,1722.5,1844.47,14495552,27955290,19285426,36354167,25079532,13004396,24136236,16650787,8633871,6639194,2488964,4729830,40510983,-1834862,1834862,733549,-1306247,1278000,1540220,958000,1791324,3170086,3886305
lim06.2012,5588.142,20,0,7,3.85,77,3.48245603,7,7,0,1,2,0.34444,9,1,2.633333333,9.432,1.258,0.064,10.94164035,11.77723614,407.3,257.1,102.4,252.8,211,800.9,1011.9,355.2,194.7,0,26.5,2.3,512.6,514.9,16.0625,16,25.1,2,8,102.9406128,102.8945618,103.6420025,104.522501,104.419239,105.7158463,166.653676,166.1431961,172.4690414,110.9679017,110.6955948,113.1351097,2,28.0625,28,41.8,317.875,3.3125,3,10.95,24.1875,24,31,71.1875,72.5,75.7,307.5,362.3,544.5625,536.5,610.4,796.375,785.5,933.05,1794.6875,1791.5,1856,2460.875,2442,2649.55,1585.4375,1588,1831.6,14624125,32956502,22535709,45189946,30900957,13711997,29113968,19908178,8834059,6442576,2555192,5346450,48254487,-1880597,1880597,618526,-1565585,1250000,1675559,998000,1972332,3853282,5012558
lit01.2013,25585.07,16,0,0,0,0,0,0,0,0,0,0,1.55,2,7,6.533333333,0.732,0.002,0,10.94281059,11.601492,477.5,442.7,254.6,456.6,507.8,1111.8,1619.6,777.5,506.2,2.9,,29.8,1756.8,1786.6,67.41666667,67,73.67,3,1,105.8701159,105.8797531,106.1776431,112.9546051,113.1291809,113.8826541,144.2362455,143.7924042,149.7178348,121.7298024,121.7594147,122.4852652,3,87.25,87,91.78,183.8333333,1.333333333,1,2.89,61.75,61,66.35,35.25,36,38.89,183,198.45,367.5,369.5,394.9,414.75,412,466.46,2257.833333,2228.5,2441.5,1332.75,1318.5,1509.75,558.4166667,556.5,663.05,11285714,,54438417,36265306,32133816,5902783,15195011,13463934,2473241,4189958,3718520,7202744,69374485,-601793,601793,6035524,2577320,1890000,3281569,1843000,3603833,6900037,13348856
nc02.2013,6375.6,20,0,0,0,0,0,0,0,0,0,0,3.1,1,8,8.3,0.195,0,0,9.932529996,11.71510295,299.7,149.9,29.9,107.6,76.7,474.1,550.8,212.2,97.9,1.7,52.3,9.4,436.4,445.8,7.083333333,5.5,25.68,1,2,101.1275024,101.0923157,101.3373032,102.2168624,102.1224098,102.8700613,148.9031779,145.6489716,159.1286104,105.4928487,105.4523621,105.997406,2,13,10.5,43.02,610.8333333,11.33333333,11,16,14.16666667,13.5,27.05,73.16666667,74.5,82,607.5,650.57,854.6666667,852,916.81,1088.75,1085.5,1153.36,1932.25,1932.5,2100.03,2896.166667,2895.5,2972.67,2028.166667,2029,2117.9,12738885,22608229,17747417,33886505,26600842,14988571,23730499,18628396,10496399,7002935,2076805,3869347,28821745,-1204943,1204943,-242424,-1996686,1078000,1348755,844000,1578554,2794702,3325672
nc03.2013,3603.6,20,0,0,0,0,0,0,0,0,0,0,3.1,1,9,8.133333333,0.195,0,0,9.932529996,11.71510295,299.7,149.9,29.9,107.6,76.7,474.1,550.8,212.2,97.9,1.7,52.3,9.4,436.4,445.8,3.4,3,5.92,1,6,101.2234946,101.2621536,101.4791891,102.2306934,102.3368683,102.6241708,146.8562656,147.2880554,149.3060529,105.5706338,105.7771606,106.3648303,1,4.375,4,10.72,727.4166667,20.75,20.5,24.78,6.833333333,5.5,12.35,70.91666667,72,77,721.5,773.89,1035.833333,1035,1105.49,1300.833333,1309.5,1367.81,2094.583333,2097,2269.16,3110.25,3103.5,3208.58,2298.333333,2311,2393.35,12558327,20221239,16101858,30026549,23909673,14849015,22188254,17668161,10972747,7389545,1954115,3384468,25412028,-1134904,1134904,-464481,-1952344,1059000,1225028,794000,1418871,2339423,2691608
ntaarp0001.2016,30472.44667,16,0,0,0,0,0,0,0,0,0,0,0.51667,6,1,5.666666667,5.087,0.269,0.003,10.96183604,11.41032205,462.5,372.3,168.3,380.3,381.2,1001.1,1382.3,624.6,144.6,4,190.9,101.8,729.3,831.1,57.44444444,57,63.92,3,1,105.307195,105.2820053,105.9007562,110.8003642,110.6569061,112.4793741,149.8339267,150.1372681,158.1688208,119.3914185,119.250618,121.11263,3,79.44444444,79,84.92,193.1111111,2.555555556,2,3.92,53.66666667,53,58.6,42.11111111,42,47,195,264,411.1111111,411,515.2,501.7777778,500,629.28,2293.333333,2260,2446.88,1641.222222,1623,1808.44,745.1111111,758,859.72,12205405,55783784,45704163,39921622,32708149,7156492,18124324,14849424,3249031,4539977,3664330,6960059,68007708,-986842,986842,5095458,1657346,1882000,3127925,1792000,3448807,6413744,11393565
ntaarp0002.2016,24414.13022,20,0,0,0,0,0,0,0,0,0,0,0.3875,8,1,2.8,7.949,0.82,0.027,10.96215129,11.40165423,459.3,368.4,167.5,376,378.2,991.6,1369.8,588.8,143.7,4.1,184.7,95.7,711.2,806.9,25.55555556,26,33,2,4,103.406484,103.3055954,104.135423,106.4657966,106.7267075,107.6884186,154.5445591,152.7468567,162.1142871,112.9172804,113.4019241,115.0991656,3,42.33333333,43,53,327.8888889,4,4,6.84,30.66666667,31,36,64,64,75.76,325,381.28,604.2222222,602,672.44,910.7777778,898,1038.68,2063.777778,2059,2176.36,2440.111111,2423,2759.8,1514.555556,1493,1782.2,15073556,34155940,22659510,40384332,26791509,11823517,25066201,16629255,7338753,6206912,2854441,5470566,51459640,-2021136,2021136,1534806,-837220,1459000,1883621,1153000,2169196,3878237,5056670
ntaarp0003.2016,17598.35204,20,0,5,2.5,50,2.5,2.5,0,0,0,0,0.51667,6,1,3.966666667,5.087,0.269,0.003,10.96102652,11.56385077,448.9,359.1,160.8,362.8,365.4,965.7,1331.1,451,105.2,1.3,145.5,61.5,612.9,674.4,29.91666667,31.5,41.78,2,8,104.291441,104.2526588,105.118602,108.9101766,108.8319359,111.7158543,153.4857801,152.8619308,162.6299652,115.7464364,115.2817764,119.731779,3,48.08333333,50.5,62.89,312.8333333,19.33333333,18,29.89,33.83333333,35,41.45,45.33333333,44,53.67,293,371.78,591.75,575.5,696.01,874.4166667,877,1073.78,2037.916667,2063,2248.62,1986.083333,1965,2362.71,1368.916667,1411,1605.12,14776792,34438811,23306014,33562878,22713237,9745655,23133361,15655199,6717236,6892544,2843471,5502283,50971510,-1931741,1931741,1964758,126771,1446000,1912610,1163000,2205157,3995191,5266511
ntadac0001.2013,22881.07267,16,7,7,7,112,0,7,7,7,1,2,0.18235,17,2,1.5,20.085,8.323,2.815,10.94423224,11.54075965,498.6,422.1,240.7,486,496.2,1135.1,1631.3,752.1,513.5,1.9,,98.2,1572,1670.2,26.11111111,26,29,2,4,105.1891191,104.9230423,105.9967303,109.1235953,109.3057327,110.8579068,162.4613715,163.0458679,172.9691638,118.3329103,118.4339752,120.6926288,3,43.22222222,43,47,205.5,8.5,8.5,8.99,48.5,48.5,48.95,41,41,41,205.5,233.43,373.5,373.5,392.61,495.5,495.5,513.63,1859,1859,1881.54,1687,1687,1708.56,954,954,967.72,13266399,49772423,37517659,45167336,34046418,9074771,25542169,19253280,5131791,5655009,3082135,6657706,66140416,-1405530,1405530,3217206,485054,1486000,2413116,1364000,2782159,5794393,9379256
ntadac0002.2016,20805.21761,20,0,0,0,0,0,0,0,0,0,0,0.19375,16,1,1.9,18.978,7.223,2.12,11.0104568,11.08881433,477.6,434.3,227,432.5,481.5,1101.8,1583.3,745.8,296.2,,218.2,,1100.7,1282.7,50.91666667,50.5,62.23,3,4,104.7964923,104.9704247,105.51907,110.5427799,110.9549255,111.5007738,147.8393428,147.1028519,152.9183405,118.5009747,118.9208717,119.7631835,3,73.16666667,73.5,83.34,226.5,9.666666667,10.5,13.89,48.66666667,48.5,54.7,40.25,40.5,44.78,224,273.79,433.8333333,436,468,529.4166667,535.5,596.68,1962.25,1924.5,2134.59,1677.5,1668,1827.92,967.8333333,989.5,1091,12203227,45230503,37064379,38666923,31685818,8548860,22308874,18281127,4932263,5769498,3101420,6384134,55357808,-997921,997921,3397064,783182,1529000,2511220,1433000,2869443,5752710,9258465
ntagfu0001.2012,1536.15,16,0,0,0,0,0,0,0,0,0,0,0,0,25,15.5,0,0,0,10.86920321,11.81607239,220,119.2,38.4,108.8,67.2,416.7,483.9,236.3,111.2,0,63.1,3,504.8,507.8,3.9,3,12.37,1,7,101.8550695,101.775959,102.7234252,102.6424128,102.5005646,103.9706428,166.3616257,165.4560165,173.3272879,107.8611094,107.5830421,110.6378539,1,6.333333333,3,21.68,465.3333333,12.5,12.5,14.89,9.5,7,17.15,76.5,78,80.89,474,497.12,714.0833333,729,752.45,968.6666667,983,1055.01,1648.25,1663,1710.37,2448.583333,2475.5,2614.23,1707.75,1712.5,1918.76,13565177,23082040,17015657,34289882,25277873,14855655,23915276,17629904,10360989,6974441,1903015,3954276,31292203,-1510107,1510107,-175857,-1953125,934000,1116644,680000,1339286,2599388,3047909
ntagfu0002.2012,1164.24,20,10,10,10,200,0,10,10,10,1,2,0.775,4,8,4.6,2.572,0.049,0,10.86920321,11.81607239,220,119.2,38.4,108.8,67.2,416.7,483.9,236.3,111.2,0,63.1,3,504.8,507.8,8.333333333,7.5,14.78,1,6,101.4304415,101.405838,101.7492092,102.4041004,102.4586143,102.9514351,153.5457993,153.3855362,166.886989,105.9744886,105.962265,107.4627676,1,1,1,1,449.4166667,15.41666667,14.5,21,3.916666667,4,5,79.5,81,82.89,450,488.9,801.75,806.5,849.45,1171.916667,1169.5,1261.47,1869,1851,1996.86,2583.333333,2605,2729.53,1771.25,1741.5,1970,14616984,23311506,15948233,32221183,22043661,13822008,22092298,15114129,9476993,6856452,2088657,4000000,34111527,-1876268,1876268,269231,-1603774,1068000,1105046,698000,1302239,2296053,2633573
ntagfu0003.2012,4736.013333,16,0,0,0,0,0,0,0,0,0,0,3.1,1,11,8.033333333,0.195,0,0,10.93302073,11.76266997,238.9,132.5,43.2,126.8,80,459.3,539.3,254.3,125.2,0,68.8,10,513.4,523.4,7.75,6.5,17.67,1,11,102.8344275,102.7952766,104.4047729,104.4782302,104.3627434,106.8890593,161.300415,162.5766144,168.2350034,109.6671289,108.8132172,114.6271396,2,14.08333333,12,30.56,384.4166667,33.5,35,36,15.33333333,14.5,23.9,49.58333333,48.5,56.78,392,426.89,657.9166667,657,736.59,941.8333333,948.5,1051.95,1577.166667,1568,1644.56,1935.75,1947,2062.62,1482.25,1467.5,1620.24,14315389,23972134,16745709,29422419,20552999,12273592,22529449,15737922,9398182,7657239,1907658,4118174,34378789,-1777222,1777222,310559,-1019362,920000,1050977,636000,1268955,2525814,2945566
ntagfu0005.2012,1549.086,16,0,0,0,0,0,0,0,0,0,0,1.55,2,8,6.733333333,0.732,0.002,0,10.93302073,11.76266997,238.9,132.5,43.2,126.8,80,459.3,539.3,254.3,125.2,0,68.8,10,513.4,523.4,33.58333333,33,42.67,3,8,103.1967233,103.2339134,104.0434961,105.7861881,105.6141968,107.5947989,154.5725517,154.8758011,161.6981544,111.9737511,112.2195053,115.0430934,3,53.5,53,64.67,410.8333333,19.75,20.5,29.56,36.5,36,41.9,42.41666667,41.5,51,414.5,501.81,696.3333333,702,776.9,904,883.5,1035.03,2020,2017.5,2105.67,2176,2159,2335.82,1477.333333,1484,1679.22,12982288,29009095,22345133,31249402,24070796,10772277,21215893,16342183,7313531,6789216,2573872,4874816,37696525,-1300000,1300000,1552760,-371783,1324000,1827659,1116000,2112569,3816689,4948288
ntagfu0009.2012,1947.586667,20,10,11,10.25,205,0.433012702,10,10,11,1,2,1.03333,3,10,5.866666667,1.543,0.014,0,10.86856361,11.79469587,226.1,123.7,39.8,115,71.1,431.5,502.6,233.3,115.9,0,62.8,4.5,503.5,508,4.533333333,4,12.44,1,7,102.0285449,101.9536133,102.5479908,103.6882887,103.6717453,104.6038143,153.9087782,156.2396317,164.8411461,108.3298464,108.268116,109.7771366,2,8.8,7,22.02,507.375,20.25,22,28,11.3125,10.5,18,67.0625,65.5,83.1,516,557.4,922.625,910.5,1139,1323.875,1276.5,1650.05,2267.75,2245.5,2692.3,2980.875,3002.5,3464.75,2146.4375,2208,2630.8,14349004,24579325,17129638,32308630,22516287,13144637,23264463,16213294,9465053,7200696,2463671,4217623,35281702,-1786192,1786192,274190,-1358872,1345000,1442115,944000,1648428,2629526,3090187
ntagfu0010.2012,1293.6,20,0,0,0,0,0,0,0,0,0,0,3.1,1,25,15.5,0.195,0,0,11.07913988,11.56290472,314.1,186,63.4,202.5,142.6,621.5,764.1,332.4,195.9,1.4,84,40,560.1,600.1,9,8,16.76,1,7,101.9896028,101.9798737,102.3333273,103.7896381,103.8013382,104.599679,152.2351973,151.6652832,155.573327,107.6901906,107.7906342,108.9314639,2,15.88888889,14,28.68,484.5555556,17.55555556,17,21.76,16.77777778,16,23.2,64.11111111,65,70.92,497,530.36,864.1111111,866,918.76,1174.777778,1167,1285.72,2075.777778,2076,2191.92,2396.111111,2394,2648.96,1608.222222,1625,1828.68,13595217,24022116,17669536,27729201,20396292,11543197,18611290,13689587,7747565,6711802,2288072,4120449,32633129,-1521099,1521099,1267988,-717960,1211000,1414998,901000,1638380,2773161,3294592
ntagfu0011.2012,2540.846,16,0,0,0,0,0,0,0,0,0,0,3.1,1,25,15.5,0.195,0,0,11.07693023,11.58005739,312.9,185.3,63.2,200.9,140.9,618.9,759.8,332.1,199.9,1,85.6,40.9,564.2,605.1,5,4,7.89,1,2,101.2233543,101.243206,101.4892171,102.1983884,102.23843,102.5881591,148.9143626,151.9955673,154.6078027,105.7060623,105.9898262,107.0072397,2,9.333333333,8,13.89,413,4.666666667,5,5.89,12.66666667,12,15.45,81.25,82,83,405,467.23,614,607,683.38,777.5833333,777.5,823.67,1483.666667,1493.5,1528.02,2416.75,2393,2534.93,1617,1644,1686.36,12664224,24163952,19080484,39360749,31080270,16289036,26335505,20795199,10898674,6690804,1836692,4144015,30565072,-1171819,1171819,-432258,-2392921,869000,1200076,706000,1458678,3123894,3815292
ntagfu0012.2012,1796.666667,20,0,0,0,0,0,0,0,0,0,0,3.1,1,25,15.5,0.195,0,0,11.07545142,11.59992283,311.2,184,62.2,197.9,138.1,614.7,752.8,323.8,200.3,0.3,86.9,40.8,550.7,591.5,14.66666667,16,19,2,3,102.460942,102.3851738,103.1002866,104.0254383,103.8672104,105.0022724,160.7501246,161.666214,166.615647,109.9378967,110.0520554,111.1351061,2,25.66666667,28,33,409.9166667,8.25,8.5,11,22.16666667,23.5,26,68.25,66.5,74,406.5,430.89,625.5,627,654.02,793.6666667,789.5,841.56,1585,1564,1752.45,2158.083333,2143,2302.37,1409.833333,1397,1550.02,12688516,25339728,19970601,34501732,27191306,13615668,22539302,17763545,8894848,6532803,1997226,4343891,32176768,-1184767,1184767,587842,-1530858,960000,1338837,792000,1610192,3330530,4137676
ntagfu0013.2012,2357.226667,16,0,0,0,0,0,0,0,0,0,0,3.1,1,25,15.5,0.195,0,0,11.07545142,11.59992283,311.2,184,62.2,197.9,138.1,614.7,752.8,323.8,200.3,0.3,86.9,40.8,550.7,591.5,15.75,16,19.89,2,3,102.2258428,102.1745644,102.6785601,103.6997948,103.7060585,104.3299385,155.9466298,155.2785492,164.5426309,109.2399184,109.213131,110.7219115,2,27.5,28,34.78,385.9166667,6.166666667,6.5,8.89,23.25,23.5,26.45,69.16666667,69,72,389,441.93,621,617,657.91,798.5,796,851.9,1642.833333,1648,1729.24,2305.333333,2259,2490.34,1562.25,1524.5,1749.49,12858293,26454643,20573993,37122920,28870799,14032667,25157005,19564809,9509486,6776677,2108633,4511710,33977611,-1247357,1247357,249688,-1679757,1021000,1423172,844000,1701613,3459016,4344491
ntagfu0014.2012,2608.76,16,0,0,0,0,0,0,0,0,0,0,0,0,25,15.5,0,0,0,11.08169135,11.55132262,325.5,195,67.1,212.5,151.6,646.2,797.8,346.6,219.1,1.4,85.2,42.1,596.5,638.6,7,6.5,14.89,1,2,101.249869,101.2782745,101.4966033,102.3885873,102.3071938,102.9006285,147.8364067,147.3194656,162.0900359,105.6361307,105.4694328,107.196867,2,13,12,26.78,589.75,8.916666667,9,13.78,14.5,14.5,22.45,74.91666667,74,81.89,603,652.93,872.9166667,872,967.81,1131.166667,1146,1312.88,2025.666667,2004.5,2252.79,3037,3083,3327.76,2128.583333,2152.5,2413.39,12958473,23205728,17907765,34791408,26848387,14992595,24384726,18817592,10508063,7008835,2190072,3979979,30119979,-1293060,1293060,-248013,-1999210,1153000,1415131,894000,1644188,2832700,3380773
ntagfu0015.2012,1920.996,16,0,0,0,0,0,0,0,0,0,0,0,0,25,15.5,0,0,0,11.08169135,11.55132262,325.5,195,67.1,212.5,151.6,646.2,797.8,346.6,219.1,1.4,85.2,42.1,596.5,638.6,6.916666667,7,12,1,2,101.2382278,101.1778183,101.7066799,102.1704934,102.0871506,102.8193403,150.7928314,152.2843628,158.263488,106.0939306,105.8696709,107.7429919,2,12.33333333,12.5,21,452.4166667,6.166666667,6,7.89,14.5,15,20,77.83333333,78,82.78,466,495.01,699.4166667,723.5,766.35,910.1666667,910,1023.62,1687.75,1697.5,1813.95,2604.916667,2622,2835.95,1797.416667,1859,1976.94,13013225,24130823,18543307,37244132,28620216,15434257,25698797,19748215,10649780,6900093,2006499,4140821,31419706,-1311374,1311374,-315729,-2137031,988000,1285522,777000,1534158,2991914,3615602
ntagfu0016.2012,2833.21325,16,0,0,0,0,0,0,0,0,0,0,0,0,25,15.5,0,0,0,11.06749647,11.55214045,392.1,247.3,109.7,307.8,250.1,808.7,1058.8,517.9,289,,78.2,90.3,846,936.3,10.22222222,7,23.68,1,3,101.9015562,102.0299454,102.7052023,103.2221163,103.160408,105.3474442,157.5757633,158.0510559,160.8730475,107.3402566,107.5984116,109.9792368,2,18.33333333,13,40.52,555,14.33333333,13,20.92,13.22222222,14,21.2,70.55555556,73,79.92,543,609.72,936.2222222,946,977.36,1422.444444,1429,1513.64,2448.222222,2442,2562.48,3236.777778,3254,3374.48,2331.555556,2351,2493.84,15193449,26150012,17211373,34572751,22755038,13220931,24903869,16391189,9523464,7203323,2705153,4468085,39733728,-2061069,2061069,244821,-1386348,1512000,1535919,1026000,1735062,2651163,3120667
ntagfu0019.2012,2389.599333,16,0,0,0,0,0,0,0,0,0,0,3.1,1,25,13.63333333,0.195,0,0,11.06749647,11.55214045,392.1,247.3,109.7,307.8,250.1,808.7,1058.8,517.9,289,,78.2,90.3,846,936.3,21.5,21,30.56,2,8,102.8738073,102.8502235,103.7140321,104.8174,104.6208496,106.7950507,160.932017,161.8031845,167.1623016,111.0781771,110.7692833,114.213051,2,36.66666667,36,50.34,319,13.91666667,12.5,28.78,27.83333333,27.5,33.35,56.75,58.5,67.56,314.5,407.63,553.0833333,537.5,667.19,795.3333333,764,1026.95,1730.916667,1751.5,1868.54,2250.333333,2261,2388.68,1572.333333,1477.5,1927.61,14379991,31295766,21763412,40687057,28294216,13000818,28428507,19769489,9083819,6987113,2424138,5155497,44974151,-1795252,1795252,478498,-1306533,1177000,1573170,935000,1863787,3702970,4751612
ntagfu0020.2012,7711.293333,20,0,0,0,0,0,0,0,0,0,0,1.03333,3,7,5.533333333,1.543,0.014,0,10.8455529,11.78731957,391,238.85,84.75,241.75,183.5,766.45,949.95,402.55,250.2,1,42.4,3.65,668,671.65,41.1875,42,49.85,3,4,102.8204126,102.8857231,103.228278,105.3027501,105.3146706,106.2357708,152.6671848,152.5226288,156.4159607,110.9344482,110.952919,112.1394611,3,62.6875,63,72.7,391.0625,6.9375,6.5,12,29.375,31,33,62.25,63.5,67,378,510.55,691.125,678.5,819.3,937.3125,923,1155.4,2021.0625,2017,2163.55,2627.375,2613,2873.55,1711.0625,1692,2036.25,13562127,29243082,21562312,38015916,28030940,12999969,24757642,18254984,8466153,6512441,2586878,4904130,39659735,-1511057,1511057,830654,-1303787,1330000,1766056,1084000,2043227,3664638,4686333
ntagfu0021.2012,3915.45,16,9,9,9,144,0,9,9,9,1,2,0.62,5,6,4.966666667,3.768,0.127,0.001,10.84711641,11.82799839,392.9,240.1,85.6,243.6,185.2,770.8,956,394.1,239.6,0.6,39.6,2.6,652.1,654.7,2.777777778,2,5,1,3,101.6214862,101.5118256,102.5204578,102.7523397,102.6839905,104.1049393,155.8264279,154.8947144,162.5036346,107.1178877,106.7001801,109.7336377,1,5.888888889,5,10,513.2222222,37.55555556,38,40.92,6.888888889,6,13.8,53.66666667,55,57,509,566.48,965.3333333,950,1055.32,1480.888889,1465,1597.56,2221,2208,2283.52,3010,2987,3154.56,2392.666667,2372,2578.28,15340700,23007597,14997749,31180939,20325630,13552454,24785912,16156963,10772925,7949059,2301490,3942247,35298451,-2106339,2106339,-370692,-1508316,1256000,1111758,741000,1277439,2002162,2250207
ntagfu0022.2012,2215.29,20,4,9,7.75,155,2.165063509,9,9,4,1,2,1.03333,3,11,6,1.543,0.014,0,10.84396936,11.74864339,389.1,237.6,83.9,239.9,181.8,762.1,943.9,411,260.8,1.4,45.2,4.7,683.9,688.6,2.333333333,2,3.92,1,2,101.1609717,101.1739273,101.2002142,102.0080939,101.9953613,102.1755399,155.7994266,156.7216797,158.9001904,105.361579,105.2293396,106.0099725,1,4.888888889,5,6.92,377.7777778,5.888888889,6,7.92,8.888888889,9,10.6,83.66666667,83,85,396,405.68,654.5555556,662,711.44,892,886,951.48,1575.666667,1591,1633.4,2636.777778,2634,2741.28,1761.888889,1764,1873.52,13627567,24072314,17664425,40283483,29560289,16734363,26917332,19752118,11181863,6681977,1911053,4131898,32846562,-1539457,1539457,-557554,-2519592,921000,1137112,683000,1372037,2768545,3287946
ntagfu0024.2012,689.92,16,9,9,9,144,0,9,9,9,1,2,0.775,4,3,5.133333333,2.572,0.049,0,10.8313477,11.51625989,378.6,230.7,80.2,230.6,172.8,740.4,913.2,498.6,322.2,4.7,48.7,12.4,780.2,792.6,10.5,11,17,2,4,102.77432,102.8034706,103.5916193,104.3587494,104.3469467,105.6989991,164.8315493,166.5923386,169.5179541,110.3226204,110.4915886,113.0153089,2,18.58333333,19.5,29,493.6666667,31.25,32,35.78,10.91666667,11,14.9,56.16666667,56,62,481,576.8,908.8333333,889,1017.24,1450.25,1436,1559.25,2305.083333,2301.5,2457.24,2577.333333,2587,2789.18,1875.916667,1874,2101.48,15957271,25363103,15894386,28358702,17771649,11181085,20640932,12935126,8138173,7278518,2551443,4347961,40538459,-2298558,2298558,1028708,-557149,1397000,1283121,855000,1464877,2276964,2608153
ntagfu0025.2012,7203.196,16,0,9,3.375,54,,0,0,9,0,0,0,0,25,15.5,0,0,0,10.80754123,11.56554312,377.8,230.9,79.4,227,170.95,737.05,908,469.15,300.4,3.8,43.9,10.15,737,747.15,28.66666667,27,38.6,2,1,102.8016442,102.8118973,103.3279315,104.4034076,104.4872742,104.8386627,165.0524105,161.0695801,182.2982031,110.8629973,111.233345,112.0342233,3,46.77777778,45,59.52,289,6.888888889,7,8,41.55555556,42,44,49.88888889,49,54,290,304.68,571.8888889,572,608.88,747.1111111,761,795.8,1910.111111,1938,1987.68,2173.333333,2191,2277.84,1326.111111,1344,1387.2,13063921,33400039,25566627,38002720,29089827,11378047,23188265,17749851,6942586,6101738,2684801,5397017,43760447,-1335357,1335357,1804697,-644134,1339000,1961455,1163000,2278307,4377117,5990292
ntagfu0026.2012,3615.8325,20,0,0,0,0,0,0,0,0,0,0,0.31,10,3,2.266666667,10.917,1.813,0.134,10.97436926,11.92117654,407,276.8,129.9,263.7,252,817.1,1069.1,378.5,161.9,0,36.8,0,443.7,443.7,5.416666667,4.5,13.56,1,3,101.7057603,101.7243576,102.3214385,102.5455399,102.4880524,103.3467329,157.6891518,157.3392334,163.9859091,106.4464893,106.639534,108.0336208,2,10.33333333,9,24.23,408.75,4,3.5,7,13,12.5,19.8,81.5,82,87,402,473.04,661.5833333,669.5,731.78,1017.333333,1015.5,1088.23,1925.25,1926.5,2027.98,2939.333333,2928.5,3171.19,1952.333333,1947,2188.25,15377252,29100642,18924476,44428769,28892529,15267281,29510014,19190695,10140674,6642096,2499341,4887858,44807299,-2121573,2121573,-69641,-2084704,1264000,1466463,908000,1714933,3086336,3757987
ntagfu0027.2012,6044.738,20,0,6,1.8,36,2.749545417,0,0,6,0,0,0.775,4,1,4,2.572,0.049,0,11.01233859,11.94807809,412.1,283.9,140.1,275.2,268.8,835.5,1104.3,394.2,156.1,0,37.2,0,433.7,433.7,6.333333333,6,9.84,1,2,101.5501595,101.4784851,101.986468,102.5248289,102.5587044,102.8984827,158.4796963,157.5598984,164.526053,106.160985,105.9708366,107.2804825,2,11.66666667,11,17.68,368.875,3.888888889,4,5.92,14.33333333,14,17.2,80.44444444,81,83,365,389.93,613.625,611,655.81,936.125,945,972.53,1745.875,1739.5,1851.28,2655.25,2649,2774.73,1770,1771.5,1891.18,15255653,28451823,18650020,43271542,28364268,15208706,28844979,18907731,10138183,6666039,2307692,4800679,43466066,-2085216,2085216,-71124,-2068182,1132000,1330665,809000,1579872,3017531,3653997
ntagfu0028.2012,5606.438444,16,0,0,0,0,0,0,0,0,0,0,0.62,5,1,5.066666667,3.768,0.127,0.001,11.01416158,11.95439495,412.8,286.7,143.6,277.7,275.3,838.5,1113.8,401.1,163.1,0,37.7,0,434.5,434.5,17.91666667,14.5,32.78,2,4,102.9372082,102.931015,103.7548489,104.9446799,104.8607559,106.2453257,161.498394,162.2394409,170.1596935,110.7989674,110.8884087,113.8294197,2,30.41666667,26,52.78,421.4166667,10.91666667,10.5,16.89,24.5,22.5,35.45,62.91666667,65.5,73,406.5,545.9,723.1666667,691.5,862.61,1075.75,1075.5,1182.71,2104.166667,2063.5,2267.91,2634.333333,2623,2918.84,1745.833333,1741,1991.65,14875547,29096566,19559997,36427748,24488341,12519604,24141507,16228988,8297030,6627230,2646608,4885037,43269074,-1957731,1957731,932710,-1118615,1381000,1637116,1029000,1887150,3236867,3990030
ntagfu0029.2012,3668.793333,25,0,9,6.12,153,,9,9,0,1,2,0.44286,7,1,2.966666667,6.492,0.494,0.01,11.01416343,11.98246996,412.4,289.9,150.2,281.4,285.3,841.8,1127.1,408.8,156.8,0,37.3,0,420.8,420.8,2.7,2.5,6.73,1,7,101.4373608,101.4726677,101.7602652,102.5254599,102.5116348,103.4957002,155.9141782,157.0498047,160.8316064,106.1216539,106.1113968,107.3431288,1,4.666666667,4.5,12.34,435.5,21,24.5,33.78,12.41666667,10.5,19.45,65,58.5,85.89,437,484,742.9166667,753,859.92,1162.666667,1153.5,1416.35,1948.416667,1993.5,2135.45,2836.083333,2827.5,3180.31,2180.833333,2124.5,2561.99,15650028,26226584,16758171,38174986,24392919,14555836,29355020,18757167,11192849,7689595,2352406,4483271,41113767,-2205882,2205882,-562016,-1856187,1206000,1242327,786000,1453761,2527331,2947664
ntagfu0030.2012,6360.2,20,0,0,0,0,0,0,0,0,0,0,3.1,1,11,8.033333333,0.195,0,0,11.02663256,11.49557155,407.7,328.8,210.9,319,384.4,876,1260.4,266.7,318.4,0,86.4,97.5,565.4,662.9,27,26,46.44,2,4,102.1774699,102.1931534,102.4856488,103.5532184,103.4970474,104.3591855,159.0745578,159.2238617,161.9917944,108.5731667,108.7974243,110.1334637,3,43.88888889,43,69.36,269.8888889,5.111111111,5,8.84,31.66666667,31,44,61.66666667,61,72.6,270,344.48,469,477,538.2,630.4444444,639,789.96,1693,1673,1796.88,2046,2007,2285,1234.888889,1205,1457.4,13442312,36098081,26854071,43624733,32453296,12085056,26330253,19587593,7294087,6035625,2563530,5661425,48489960,-1464968,1464968,1568159,-944103,1224000,1841583,1063000,2177386,4575979,6392991
ntagfu0031.2012,5173.707,25,0,0,0,0,0,0,0,0,0,0,0.775,4,4,4.9,2.572,0.049,0,11.02663256,11.49557155,407.7,328.8,210.9,319,384.4,876,1260.4,266.7,318.4,0,86.4,97.5,565.4,662.9,16.77777778,15,29.52,2,3,102.7215229,102.6077805,103.2234113,104.6816381,104.6675797,105.2487076,162.0497437,161.3593445,166.3871198,110.5370873,110.3818893,111.5590897,2,28.88888889,27,48.36,430,4.888888889,4,8,23.66666667,23,32.4,69.77777778,73,76.84,439,463.32,632,642,664.64,886.1111111,913,926.76,1733.666667,1743,1775.36,2375,2355,2468.52,1499.888889,1515,1576.04,14020745,27431435,19564890,37579114,26802508,13699289,23732419,16926646,8651541,6315322,2242363,4655391,38441305,-1673254,1673254,724010,-1562804,1101000,1404465,847000,1667542,3234059,3985642
ntagfu0032.2012,2474.01,16,0,0,0,0,0,0,0,0,0,0,0.51667,6,1,3.966666667,5.087,0.269,0.003,11.02718522,11.46798299,407,326.8,207.6,315.9,379.1,871.6,1250.7,268.8,341.1,0,83.4,91.8,576.3,668.1,1.6,1,3.88,1,6,101.5653737,101.557724,102.008082,102.6734534,102.4551926,103.6215295,146.0838538,146.2378998,158.5944238,106.1875831,106.25737,107.8891757,1,2.555555556,2,7.6,552.3333333,11.88888889,9,19.84,6.333333333,6,10,80.33333333,82,85.92,565,604.52,898.8888889,939,987.8,1339.444444,1359,1465.44,2209,2237,2323.96,3204.222222,3162,3359.6,2281.888889,2190,2524.88,14901112,24574784,16491912,35646477,23922024,14505307,25385661,17036085,10329963,7121506,2425682,4219504,36679518,-1971390,1971390,-160356,-1838167,1311000,1329401,870000,1526673,2452086,2844215
ntagfu0033.2012,23737.56,25,0,0,0,0,0,0,0,0,0,0,3.1,1,11,8.033333333,0.195,0,0,11.02642685,11.47734949,404.1,325.7,205.5,310.5,375.2,863.8,1239,267.2,333.6,0,87.4,93.4,569.6,663,40,40,48.7,3,4,103.1140046,102.919899,104.21306,105.1902213,104.8280182,107.3484032,160.7360315,160.6132507,169.0863708,111.9503188,111.5301704,115.8964798,3,61.1875,62,70.85,209.3125,9.3125,9.5,11,38.375,38.5,41.25,50.6875,51,54,207,246.25,390.0625,390,429.65,470.125,465.5,564.45,1439.125,1445,1587.35,1637.4375,1641.5,1786.55,936.625,946,1030.95,12052556,36894728,30611539,41978850,34829832,11378007,24012178,19922893,6508295,5720066,2304144,5735375,44466141,-930233,930233,2117895,-643693,1049000,1739987,969000,2103778,5075956,7497720
ntagfu0034.2012,9030.945,16,0,0,0,0,0,0,0,0,0,0,3.1,1,9,8.033333333,0.195,0,0,11.02699416,11.49247608,411,331.7,215.2,327.4,392.6,887.9,1280.5,285.3,327.2,0,84.9,96,576.3,672.3,25.85714286,18,47,2,3,101.3161231,101.1328888,102.2572635,102.6694895,102.7254257,104.1773615,138.2090157,143.8058624,152.8170886,105.4867638,104.836586,109.1785934,1,35.875,30,70,428.5555556,17.22222222,11,,24,24,46,57.33333333,58,69.92,401,648.08,787,756,1302.6,1108.888889,1066,1955.48,2169.555556,2127,2772.12,3038,3040,4057.64,2221,2197,,14090075,27567415,19565130,38602287,27396794,14002868,28221093,20029058,10237120,7310731,2605581,4675237,38801619,-1693931,1693931,-118451,-1668907,1382000,1675862,1061000,1922798,3237717,3991359
ntagfu0035.2012,8413.79,25,0,0,0,0,0,0,0,0,0,0,3.1,1,5,8.833333333,0.195,0,0,11.02699416,11.49247608,411,331.7,215.2,327.4,392.6,887.9,1280.5,285.3,327.2,0,84.9,96,576.3,672.3,5.444444444,4,14.68,1,2,101.0475981,101.1913834,101.4213351,101.9215334,102.1712952,102.4594574,139.7809474,142.0608215,149.9235291,104.0119459,104.4473419,105.1293451,2,10.11111111,8,26.44,378.8888889,6.111111111,6,12.76,12.44444444,12,21.4,79.77777778,80,85.76,394,428.08,648.3333333,673,748.24,1033.111111,1045,1236.84,1935,1925,2053.64,3194.111111,3232,3449.24,2187.444444,2260,2469.8,15934876,29845758,18729834,49266495,30917402,16507034,33739503,21173371,11304622,6848367,2545826,4982578,47602666,-2290303,2290303,-611354,-2454670,1287000,1452827,902000,1698042,3039084,3686435
ntagfu0036.2012,12432.93333,20,0,0,0,0,0,0,0,0,0,0,0.62,5,5,4.433333333,3.768,0.127,0.001,10.88172387,11.41980532,395.6,296.7,148.15,264.25,280,815.1,1095.1,333.1,270.5,0,41.6,17.85,564.4,582.25,18.66666667,18,28.6,2,2,102.4828924,102.6882477,102.9564529,104.1393534,104.5561447,105.3463434,161.5598161,159.7675476,168.3962567,109.1395069,110.007164,110.8328922,2,31.77777778,31,46.52,408.4444444,3.111111111,2,6.76,25.33333333,25,31.8,70.22222222,69,78.68,401,480.8,668.3333333,660,731.72,982.7777778,970,1050.88,1858.111111,1866,1918.52,2693.888889,2646,3082.36,1779.333333,1721,2144.08,14704904,27802161,18906727,40307564,27410967,14497997,26623441,18105144,9576033,6605073,2371778,4711006,40888791,-1903030,1903030,217212,-1834762,1190000,1425490,876000,1676020,3084507,3755206
ntagfu0037.2012,10273.34,16,0,0,0,0,0,0,0,0,0,0,1.55,2,3,5.9,0.732,0.002,0,10.9022823,11.4128957,395.4,298.1,151.7,265.9,286.2,815.3,1101.5,324.4,281,0,43.7,21.1,566.9,588,14.33333333,11,28.44,2,3,103.1733381,103.097168,103.9302606,105.3114183,105.2772827,106.3316006,162.7249535,162.8222198,165.7672778,111.8684082,112.0130997,113.3353506,2,24.55555556,20,46.2,395.5555556,3.777777778,3,6,22.44444444,24,29.6,72.44444444,72,79.76,374,494.12,639.6666667,634,691.76,907.3333333,909,967.92,1837.111111,1807,1948.88,2499,2521,2773,1585.888889,1630,1778.2,14184471,28719819,20247367,39067223,27542248,13602879,24792427,17478570,8632515,6346094,2403692,4838449,40805126,-1733506,1733506,736411,-1526753,1198000,1531854,930000,1801395,3389213,4231508
ntagfu0039.2012,7432.81,20,0,0,0,0,0,0,0,0,0,0,0.31,10,1,2.333333333,10.917,1.813,0.134,10.91205366,11.47299594,394.4,296.8,149.6,262.6,282.1,811,1093.1,335.6,279.7,0,45.8,21.3,566.6,587.9,13.44444444,14,18.92,1,1,102.2631209,102.3460388,103.1164087,103.6649263,103.6242065,104.5960016,149.4554672,151.2391663,165.687417,108.3734724,109.0782013,110.3920853,2,23.77777778,25,32.84,388.6666667,3.222222222,3,5,9.111111111,10,12,86.22222222,87,88,395,446.76,675.3333333,673,772.44,1020.333333,1024,1138.6,2064,2051,2185.4,3011.555556,3059,3110.84,1876.333333,1869,2046.08,15108588,30562685,20228683,44593616,29515409,14590870,27783810,18389415,9090762,6230446,2692208,5071194,46206420,-2035398,2035398,477157,-1866010,1389000,1676970,1044000,1937160,3385214,4225081
ntagfu0040.2012,7240.1175,25,0,0,0,0,0,0,0,0,0,0,0.34444,9,5,2.6,9.432,1.258,0.064,10.900111,11.41406509,396.1,297.3,149,265.6,281.6,817.2,1098.8,334.8,270.6,0,41.8,17.4,567.3,584.7,52.75,51,57,3,1,103.7567755,103.8866348,104.5754396,107.7172235,107.7102165,109.0714811,154.7856229,154.3668518,160.2231432,114.7344761,115.2505455,116.9072582,3,75.25,74,79,271.9090909,2.25,2,3.89,50,49,53,46.16666667,46.5,50.78,277,300.8,516.9090909,514,562.6,719.1818182,726,771.4,2264.727273,2299,2383.1,2233.545455,2211,2436.2,1224.909091,1217,1373.5,13913120,43812874,31490330,43209638,31056756,9862315,23696799,17031981,5408638,5484147,3370180,6287770,61137251,-1643725,1643725,2981651,68935,1748000,2587923,1545000,2903044,5179350,7744909
ntagfu0041.2016,10569.7725,20,0,7,5.6,112,2.8,7,7,0,1,2,0.19375,16,1,1.633333333,18.978,7.223,2.12,10.8312484,11.53752379,416.1,302.3,109.8,264.2,262.7,819,1081.7,737.3,155.2,0.2,108,105.2,665.9,771.1,23.33333333,22,29.67,2,8,103.0060094,102.8853035,103.7377981,105.6008593,105.4260101,107.5051274,156.695268,155.999321,162.7324129,110.6634267,110.1834183,113.5590706,2,39.33333333,37,48.56,322.9166667,21.16666667,21.5,29.45,29.16666667,28,32.9,48.33333333,48,53,311.5,393.15,572.5833333,574.5,668.93,944,964.5,1088.94,1858.916667,1898.5,1985.94,2435.416667,2470,2620.13,1938.916667,1971.5,2168.19,16486683,32465434,19691914,42533838,25798905,13101269,33862611,20539371,10430358,7961334,2596231,5292181,53607511,-2453826,2453826,-210748,-1344048,1286000,1495896,914000,1757242,3261956,4029328
ntamgd0001.2014,5778.08,16,0,0,0,0,0,0,0,0,0,0,0,0,27,15.5,0,0,0,9.391210294,12.49372313,173.1,98,17.6,44.1,26,346.6,372.6,203.4,21.3,0.3,52.4,0.3,343.8,344.1,3.166666667,2,6.85,1,6,101.4193091,101.3138123,102.276363,102.2274466,101.8619614,104.0875927,145.2572203,144.8469391,162.1092995,105.285439,104.8948555,108.1002007,1,5.571428571,5,12.64,662.6875,19.3125,19,25.7,4,0,12,75.5,74,84.7,675.5,831.4,1094.8125,1114,,1574.0625,1619,2066,2309.125,2332.5,2740.05,2978.6875,3052.5,3559.15,2129.25,2107.5,2589.5,14377462,21091511,14669843,27207284,18923566,12899637,19448536,13527099,9221025,7148283,2168868,3570379,30366450,-1799100,1799100,405588,-1265368,1215000,1086341,735000,1241135,1892866,2111825
ntamgd0003.2016,2993.246667,16,0,0,0,0,0,0,0,0,0,0,0.62,5,1,5.133333333,3.768,0.127,0.001,10.718124,11.6431364,362.2,185.5,63.2,138.2,132.8,592.6,725.4,589,10.8,10.2,36.8,25.5,340.9,366.4,32.55555556,33,37,3,4,103.4839172,103.4392319,104.0575836,106.3792691,106.3558044,107.839339,157.1598969,155.0812378,170.0132605,113.1527795,112.801178,115.3375223,3,52.11111111,53,58,388.5555556,8.666666667,8,13.68,35.77777778,36,39,54.22222222,55,60,409,437.76,678.7777778,690,760,904.2222222,919,1002.76,2063.333333,2107,2177.92,2278.777778,2319,2456.04,1438.666667,1504,1615.4,13321329,30397774,22818874,33571779,25201524,11044157,21194958,15910543,6972536,6313326,2683762,5052900,40570305,-1428571,1428571,1785204,-495278,1385000,1895218,1159000,2182126,3906303,5106554
ntamgd0005.2016,5117.805,25,0,0,0,0,0,0,0,0,0,0,1.03333,3,1,5.6,1.543,0.014,0,10.7411512,11.58044097,363.6,182.2,64.6,132.9,133,584.8,717.8,539,22.5,13.3,35.7,26.4,428,454.4,28.11111111,33,36.92,3,8,102.9494756,103.0929947,103.2281406,106.5998696,106.9384537,107.6568604,144.3456794,141.5126495,154.4954297,111.3505232,111.9346848,113.4013513,3,45.11111111,53,57.84,441.2222222,17.88888889,19,20.92,31.77777778,36,38.6,48.77777778,44,78.08,434,556.8,825.8888889,818,938.2,1155,1139,1333.52,2512.444444,2521,2728.16,2623.111111,2608,2879.6,1805,1766,1974.32,13984932,30421095,21752766,31761066,22710919,10440474,21855240,15627706,7184238,6881142,3035264,5055439,42627879,-1666667,1666667,1637711,-216164,1687000,2099963,1357000,2348564,3700573,4747514
ntapck0001.2016,8984.9095,16,0,0,0,0,0,0,0,0,0,0,0.51667,6,11,4.9,5.087,0.269,0.003,10.9430974,11.25101302,454.8,381.6,170.3,381.9,389.5,1011.8,1401.3,584.5,253.1,,,,992,1253,49.5,55,61.67,3,4,104.7231839,104.7746086,105.4605322,109.9462999,109.7747993,111.8199803,150.2322108,150.4470062,159.5689124,118.1955757,118.2747536,120.7164218,3,71.08333333,77.5,82.78,236.4166667,5.25,4.5,14.23,48.91666667,52,55,44.5,43.5,52.56,229.5,334.54,490.5833333,473.5,585.15,592.6666667,558.5,738.38,2156,2159,2289.89,1811.25,1840,1916.57,917.5833333,914,1097.52,12080856,43947681,36377953,36920333,30561024,8400974,18703924,15482283,4255952,5066023,3268376,6296296,53159184,-942699,942699,4031891,869675,1666000,2691884,1564000,3027878,5691412,9083741
ntapck0002.2016,16375.18167,16,0,0,0,0,0,0,0,0,0,0,0.22143,14,1,2,16.531,5.115,1.063,10.96065592,11.26846795,450.2,373.3,166.5,379.1,383.5,996.2,1379.7,554.2,225,23.3,317.8,,957.4,1156.2,43.77777778,44,46.92,3,4,104.8056547,104.910347,105.1748325,109.9676064,109.8857422,111.3362415,150.0252245,148.6832581,156.059126,118.3380025,118.471756,119.7075684,3,65.88888889,67,69.84,224.6666667,11,11,13,43.55555556,44,45.6,44,44,45,230,252.96,424.1111111,429,444.52,553.1111111,559,571.68,1829,1848,1907.72,1724.222222,1735,1821.92,1038.666667,1011,1184.8,13041656,43125491,33067497,40654965,31173162,9427131,24490438,18778626,5678877,6023972,2905694,6236130,56260958,-1320368,1320368,2758982,295525,1405000,2233868,1276000,2592793,5356843,8186297
ntastu0001.2016,4327.624,20,0,0,0,0,0,0,0,0,0,0,0.3875,8,5,2.866666667,7.949,0.82,0.027,10.66799208,12.10007592,369,260.4,83.3,212.3,205.2,712.7,917.9,456.7,119.7,0.1,47.2,0.1,521.4,521.5,24.44444444,23,40.8,2,3,102.6679493,102.7074051,102.9519696,105.5211919,105.4455719,106.2973199,148.3181068,147.7957764,157.010943,110.2764918,109.8845215,111.877988,2,40.55555556,39,61.56,502.4444444,11.22222222,11,17,29.88888889,29,38,57.33333333,59,63,493,575,849.6666667,855,933.24,1178.777778,1128,1356.2,2408.888889,2427,2511.36,3050.888889,3030,3306.32,2011.888889,1987,2288.28,13873414,28350987,20435479,35906892,25881798,12665129,23678567,17067584,8351937,6594435,2832142,4786613,39353774,-1623088,1623088,898393,-1176255,1559000,1905413,1230000,2148847,3430006,4297352
ntastu0002.2016,5881.698667,16,0,0,0,0,0,0,0,0,0,0,0.44286,7,4,2.7,6.492,0.494,0.01,10.70378908,11.94037116,373.9,266.5,87.6,220.6,214.9,726.2,941.1,422.9,145.8,0,51.5,3.2,543.9,547.1,37.91666667,40,47,3,4,102.6500689,102.8449898,103.1351108,105.4089775,105.7644043,107.0143521,149.378938,149.2266769,156.1481207,110.9951738,111.8757782,112.8581128,3,58.58333333,62,70,425.8333333,3.583333333,3.5,5.89,39.41666667,41,46,55.58333333,55,67.9,418.5,493.93,717.75,703.5,817.62,954,935,1112.65,2264.416667,2264,2376.82,2741.75,2727.5,2940.67,1667.916667,1654,1850.13,13291536,31548822,23736024,38199234,28739518,12107975,23238128,17483403,7365767,6083402,2907530,5189534,42013270,-1418312,1418312,1518698,-953047,1547000,2109808,1310000,2391093,4070851,5405082
ntastu0003.2016,2824.458,16,0,0,0,0,0,0,0,0,0,0,0.28182,11,4,2.366666667,12.385,2.485,0.251,10.71734786,11.7497378,375.8,267.3,87.5,222.5,215.6,729.9,945.5,487.4,161.5,0,57,11.8,584.7,596.5,43.0625,45,47,3,4,104.1781836,104.2578125,104.7214874,109.2867818,109.2140846,111.6429596,146.3483496,147.7493134,154.8924019,116.4792609,116.5303497,118.8928375,3,65.0625,67.5,70,293.4375,5.375,5,11.55,43.0625,44.5,46,50.0625,49,55.85,293.5,380.9,568,567,669.85,784.5,789.5,959.3,2268.875,2240.5,2442.85,2104.5,2147,2399.85,1227.8125,1201.5,1563.85,13811620,39944982,28921287,37051056,26826004,9275522,21616417,15650892,5411548,5834224,3254211,5994358,55114065,-1597633,1597633,2978541,375114,1700000,2457197,1484000,2764531,4862385,7008401
ntastu0004.2016,6922.0375,16,0,7,2.1875,35,3.244586838,0,0,7,0,0,0.23846,13,1,1.766666667,15.204,4.149,0.7,10.81403818,11.65065205,408.6,298.9,108.1,258.9,258.9,805.4,1064.3,699,114.9,0,106.7,113.6,599.2,712.8,21.88888889,22,33.92,2,8,102.7376404,102.9371033,103.3489142,105.1901177,105.1486282,106.9503922,154.9912432,156.6557922,164.5598773,110.6184599,110.2285843,113.515715,2,36.66666667,37,53.92,332.4444444,18.77777778,22,28.84,27.77777778,28,36.6,52.22222222,49,59,310,422.64,599.3333333,602,677.44,972.5555556,952,1140.52,1942.666667,2003,2142.96,2567.888889,2485,2916.04,1983.111111,2051,2365.12,16227290,32413793,19974866,42845755,26403519,13218371,33088617,20390723,10208190,7722729,2671396,5285321,52609218,-2374284,2374284,-104459,-1386117,1343000,1576242,970000,1838514,3328758,4134859
ntastu0005.2016,8402.808944,16,7,7,7,112,0,7,7,7,1,2,0.22143,14,1,1.766666667,16.531,5.115,1.063,10.81311477,11.89066266,404.4,295.9,106.6,254.6,255.6,796.3,1051.9,598.3,90.2,0,99.9,107.8,534.4,642.2,17.0625,16,29.8,2,7,101.9537649,101.8282852,102.8024864,103.505578,103.3832207,105.0033951,153.455514,152.0879745,160.5135727,107.363688,106.990593,110.8868538,2,29.5,28,49.2,336.6875,17.3125,16.5,22,24.1875,23.5,30.5,56.9375,57,60.85,329,412.15,543.1875,539,650.3,810.6875,808.5,963.4,1609.375,1590.5,1706.8,2406.75,2414,2626.25,1928.9375,1896.5,2205.55,14924635,29628351,19851977,44307905,29687765,14954563,35511449,23793848,11985631,8014698,2235738,4953532,44201947,-1973392,1973392,-901894,-1985056,1066000,1346027,799000,1615447,3303018,4094040
nttdab0001.2014,6726.414567,20,3,5,3.4,68,0.8,3,3,5,1,1,0.34444,9,3,2.3,9.432,1.258,0.064,10.73517829,12.09033477,438.1,366.8,100.4,388.7,297.8,1002.3,1300.1,894.9,106.2,0.1,164.5,0.3,1365.4,1365.7,36.22222222,36,39.92,3,8,105.1968113,105.1582718,105.3666556,111.6941232,111.7027893,112.3822968,146.3079732,145.7124481,151.3933203,119.8083589,119.7263336,120.4968048,3,56.66666667,56,61.84,337.2222222,4.555555556,4,5.92,43.77777778,44,47.2,50,51,52.92,341,350.84,609.6666667,608,638.72,762.2222222,762,817.2,2395.777778,2384,2454.92,1828.555556,1819,1933.16,909.6666667,922,985.6,12502278,39296519,31431487,29992710,23989796,7632409,14920722,11934402,3796958,4974783,3347076,5945406,49206888,-1115974,1115974,4497579,1342647,1786000,2701811,1633000,3002942,5172632,7728634
nttdac0001.2014,10544.60128,16,8,8,8,128,0,8,8,8,1,2,0.25833,12,2,2.133333333,13.818,3.267,0.434,10.78430013,11.9467642,450.1,427.7,156.3,484.6,426.2,1102.6,1528.8,,247.9,0,167.9,19,,,46.33333333,47,49.92,3,4,105.398802,105.378624,105.8169415,109.1450763,109.0510254,110.2754538,162.8955638,163.1377411,171.688999,118.6454536,118.5846176,119.5817789,3,68.66666667,70,72.84,328.6666667,5.777777778,6,7.92,43.33333333,44,47,49.33333333,48,54.84,328,350.92,544.6666667,555,581.84,716.1111111,721,757.68,2090.222222,2090,2159.8,1921.555556,1937,2012.36,1089.222222,1110,1172.64,13147695,38376173,29188518,35279478,26833204,9193068,19997960,15210240,5211036,5668440,3037726,5869400,50566339,-1365079,1365079,3148789,421341,1546000,2316312,1374000,2640277,4896650,7085065
nttmgd0001.2014,4142.086667,16,0,0,0,0,0,0,0,0,0,0,1.55,2,10,6.733333333,0.732,0.002,0,10.15854757,12.39848547,305.2,235.2,25.8,130.5,96.4,625.8,722.2,813.3,83.1,0,38.4,0,970.8,970.8,8.2,9,12,1,3,102.2672291,102.2927818,103.1810387,104.4373277,104.1742325,106.2889646,145.78339,144.5801468,164.4786218,108.6147804,108.659771,111.7435056,2,14.9,16,21,558.6666667,6,6,8.89,13.91666667,14.5,20,78.5,76.5,91.89,557,595.34,973.6666667,974.5,1042.24,1423,1423,1590.47,2560.25,2535,2757.58,3116.083333,3131.5,3444.88,2032.5,2053,2284.87,14614858,26294933,17991918,32003595,21897985,12171012,20874700,14283204,7938678,6522611,2789757,4491933,38478593,-1878130,1878130,1149826,-979563,1587000,1693689,1137000,1898586,2854632,3412741
nttpck0001.2014,8627.187917,16,8,8,8,128,0,8,8,8,1,2,0.16316,19,1,1.466666667,22.052,10.513,4.491,10.82515786,11.87848179,432.8,426.5,185.6,449.2,450.3,1051.3,1501.6,1333,290.5,0,105,55.3,1573.6,1628.9,31.66666667,32,41.78,3,8,105.3509884,105.2168846,106.4265925,109.7392362,109.8616638,112.1565581,152.3532257,151.5982895,159.17703,119.2125301,118.5771027,122.3575908,3,50.66666667,52,62.89,299.5833333,5.833333333,6,8,43.91666667,42.5,49,48.83333333,49,52.78,301,372.14,529.75,515.5,616.7,664.1666667,666.5,787.38,2130,2121,2224.28,1794.75,1738.5,2053.89,957.8333333,924,1159.2,12537360,40207645,32070263,33879188,27022585,8426056,18080856,14421581,4496870,5336862,3135527,6021061,50540128,-1131601,1131601,3799806,856269,1601000,2491369,1466000,2821401,5246958,7910420
nttstu0001.2014,20631.12333,25,0,0,0,0,0,0,0,0,0,0,1.03333,3,13,6.3,1.543,0.014,0,10.26118218,12.19653261,315.6,259.3,36.3,159.4,124.3,663.3,787.6,588.3,84.4,0,44.4,0,899.7,899.7,26.22222222,30,35.76,3,4,103.8715083,103.7766418,104.8397311,106.870408,106.7856674,109.2506863,155.6906891,155.0435333,162.862428,114.4899775,114.5688248,117.8520837,3,43,49,55.76,294.5555556,9.666666667,11,11.92,31,34,37.2,58.11111111,54,73.36,255,464.12,534.5555556,464,784.72,731.1111111,627,1155.76,1768.444444,1610,2262.6,1877.111111,1715,2493.16,1062.444444,912,1499.44,13676990,33082519,24188450,35115361,25674772,10614476,19875286,14531915,6007791,5659998,2534922,5360556,45322841,-1557312,1557312,2494700,-299040,1234000,1761422,1037000,2074277,4149660,5551864
site01.2023,23807.33056,16,0,6,5.625,90,1.452368755,6,6,0,1,1,0.17222,18,1,1.433333333,21.111,9.427,3.611,8.237194653,8.977485376,414.4,360.9,260.3,97.5,408.9,569.7,978.6,1158.3,315.4,0,1.1,1.1,1046.6,1047.7,52,51,55.84,3,5,104.9785216,104.9593658,105.2095932,112.5560498,112.4024277,114.0970123,141.7626478,142.4683685,144.7716248,120.1677305,120.0541534,121.0851917,3,74.77777778,74,77.92,322.5,5,5,5.98,49.5,49.5,49.95,43.5,43.5,44.97,322.5,341.61,534,534,551.64,646.5,646.5,666.59,2277.5,2277.5,2352.47,1665,1665,1670.88,856,856,869.72,12106742,42649813,35228152,31179775,25754060,7310648,16029963,13240526,3758507,5141141,3347203,6200640,51583765,-949153,949153,4535589,1552511,1743000,2767595,1631000,3087846,5579884,8774365
site02.2023,18532.29,20,0,9,8.1,162,2.7,9,9,0,1,2,0.155,20,1,1.466666667,22.908,11.563,,8.224423979,8.915615782,412.4,357,254,97.6,402,565.3,967.3,1122,302.7,0,2.9,2.9,985.2,988.1,33.375,33,45.5,3,4,104.5899243,104.5753212,105.3103455,109.4507651,109.3149033,111.8186474,149.9809551,150.1078873,162.0836914,117.5221276,117.502533,120.0392967,3,53.25,53,68.2,242.875,2.5,2,4.85,51,51,55.25,44.75,45,50.55,231.5,302.5,425.875,423,486.95,500.8125,496.5,566.8,2084.75,2079,2246.1,1798.6875,1737,2019.15,841.1875,801,1023.55,11759613,48952157,41627356,42235104,35915387,8627833,19751981,16796456,4034956,4676674,3314023,6612196,57688581,-810811,810811,4249573,736734,1659000,2782482,1584000,3132911,6130031,10415680
site03.2023,13212.7275,20,8,8,8,160,0,8,8,8,1,2,0.17222,18,1,2.633333333,21.111,9.427,3.611,8.227277077,8.927741991,410.3,351.1,244.2,96.8,390.5,559.3,949.8,856.4,240.5,0,0.3,0.4,696.1,696.5,37.77777778,39,40,3,8,104.2455258,104.3638763,104.939455,108.1099828,108.4720154,109.0701572,154.6672109,154.8288574,156.444538,115.4890433,115.6472473,117.5706219,3,58.66666667,60,62,336.1666667,11.83333333,11,20.5,36.83333333,37,37.75,49.5,50,54.85,331.5,370.6,560.1666667,565,608.9,788.5,780.5,847.3,1992,1995,2020.95,2067.833333,2108.5,2229.1,1265.833333,1290,1380.85,14076168,35560845,25263158,36914609,26224900,10380689,22597441,16053688,6354585,6121544,2844280,5611285,50054082,-1691395,1691395,2232115,-184775,1432000,2011231,1204000,2321337,4330935,5899430
site04.2023,13908.65,20,8,8,8,160,0,8,8,8,1,2,0.20667,15,1,1.9,17.791,6.146,1.535,8.227277077,8.927741991,410.3,351.1,244.2,96.8,390.5,559.3,949.8,856.4,240.5,0,0.3,0.4,696.1,696.5,33.58333333,33.5,39.67,3,4,103.8428243,103.9433899,104.3924884,107.1179148,107.0021439,109.5558974,159.0954819,157.8209,168.2334189,115.089742,115.0439835,118.1209386,3,53.66666667,53.5,61.56,409.5833333,20.33333333,20.5,24.89,27.58333333,28,31.35,50.83333333,51,57.45,405.5,473.67,627.9166667,625,692.48,899.4166667,894,980.76,1851.083333,1837.5,1938.35,2083.416667,2060,2260.15,1453,1430,1597.27,14323822,29479761,20580932,33179827,23164088,11255121,23140013,16154915,7849458,6974121,2455202,4939467,42328320,-1782438,1782438,1204600,-589731,1224000,1569315,952000,1842581,3461818,4349057
site05.2023,7552.965,16,0,6,5.25,84,1.984313483,6,6,0,1,1,0.23846,13,1,2.866666667,15.204,4.149,0.7,8.225454298,8.935475493,409.1,347.7,242.8,96.1,386.2,556.9,943.1,897.4,229.3,0,0.6,0.7,732.7,733.4,48.88888889,49,53.92,3,1,103.9343491,103.9564056,104.4163913,107.5631324,107.4016037,108.5260626,157.8667518,158.3774872,162.5021301,115.0046802,114.7859497,116.1750482,3,71.44444444,71,76.84,276.2222222,26.33333333,28,32,32.33333333,34,40,40.22222222,39,49.76,285,303.92,499,505,539.64,662.8888889,671,747.84,2105.666667,2090,2257,2299.222222,2359,2502.72,1238.888889,1268,1417.08,13284346,42197729,31765002,46076598,34684881,10919213,24827433,18689239,5883595,5388296,3168069,6167435,55964032,-1403962,1403962,2593479,-440509,1606000,2455159,1443000,2786790,5215034,7831877
site06.2023,10982.86,20,0,6,5.7,114,1.307669683,6,6,0,1,1,0.20667,15,1,1.933333333,17.791,6.146,1.535,8.225454298,8.935475493,409.1,347.7,242.8,96.1,386.2,556.9,943.1,897.4,229.3,0,0.6,0.7,732.7,733.4,41.33333333,42.5,46,3,1,104.3383058,104.6342201,105.1270573,107.4582055,107.6296883,109.0929967,165.3090312,163.788887,175.6807831,115.6367639,116.0954285,117.8650183,3,62.91666667,64,68,266.0833333,6.5,7,8.89,44.08333333,44,48.35,48.08333333,47,55,260.5,300.23,478.5,480.5,497.45,670.6666667,673,707.89,1975.75,1963.5,2145.62,2385.416667,2364,2552.5,1308.416667,1269.5,1477.64,14016022,41290491,29459493,49851968,35567843,12073474,27344131,19509195,6622380,5485066,3012881,6102731,57914340,-1672474,1672474,2031678,-940367,1497000,2226250,1305000,2560497,4933837,7169045
site07.2023,15024.625,16,6,6,6,96,0,6,6,6,1,1,0.25833,12,1,2.066666667,13.818,3.267,0.434,8.227487362,8.907013603,411.45,353.95,245.4,97,393.35,561,954.35,908.4,264.65,0,1,1.1,754.95,756.05,34.16666667,32,46.67,3,8,104.4888554,104.4084473,104.7605211,109.3273048,109.2801971,111.1277225,151.2340965,151.2754974,154.9075093,116.9927464,116.8420525,119.2563113,3,54.16666667,52,69.67,310.25,11.75,12,14.89,45.33333333,45,50,41.33333333,41.5,44.89,313.5,330.01,488.5833333,486.5,518.78,597.1666667,600,656.57,1826.25,1818.5,2008.94,1781.166667,1792,1897.18,1090.083333,1090,1187.29,12222412,37378475,30581915,36455739,29826961,9753137,22311104,18254256,5968971,6120052,2744053,5782195,45775749,-1004608,1004608,2524005,124757,1338000,2134063,1229000,2483497,5072225,7488929
site08.2023,17831.345,16,0,6,5.25,84,1.984313483,6,6,0,1,1,0.31,10,1,2.5,10.917,1.813,0.134,8.227487362,8.907013603,411.45,353.95,245.4,97,393.35,561,954.35,908.4,264.65,0,1,1.1,754.95,756.05,46.33333333,47,52.84,3,4,104.1813863,104.3575287,104.8488705,109.7880834,110.0923386,111.846662,146.7364943,145.2572327,153.3313,116.6389677,117.7351074,119.57047,3,68.44444444,70,74.92,238.1111111,2.111111111,2,4.92,48.11111111,49,51.6,48.33333333,47,53,240,282,449,450,478.84,582.2222222,576,662.44,2204.444444,2238,2413.12,1775.666667,1808,1899.72,848.3333333,836,960.6,12967087,49096758,37862595,39547142,30498092,8054940,18893838,14570611,3848286,4777548,3439828,6615153,63627065,-1290010,1290010,4442988,1078160,1755000,2792921,1622000,3124839,5821967,9460066
site09.2023,21703.0275,20,0,0,0,0,0,0,0,0,0,0,0.25833,12,2,2.2,13.818,3.267,0.434,8.169710823,8.907733177,419.1,347.8,219.9,90.5,355.8,567.3,923.1,1010,379.3,0.3,0.2,0.5,1006.7,1007.2,44,44,50.68,3,8,104.6801563,104.5930023,105.2906573,109.4591259,109.02034,111.2599792,149.9260796,150.9003601,154.7939001,117.6710968,118.0672302,119.3070874,3,66.22222222,67,73.68,303.5555556,2,2,3,45.77777778,45,50.6,50.88888889,52,54.84,328,353.36,498.7777778,508,526.2,637.7777778,636,667.76,2095.222222,2062,2428.76,1915.444444,1942,2094.36,953.5555556,956,1147.52,12786812,42007129,32851916,38402762,30033101,9141963,19117844,14951220,4551095,4978247,3154879,6158889,53810221,-1224670,1224670,3746719,448878,1597000,2492933,1458000,2828505,5336750,8135198
site10.2023,28623.98,16,0,0,0,0,0,0,0,0,0,0,0.31,10,3,2.566666667,10.917,1.813,0.134,8.191226148,8.896902339,417.8,345.1,221.1,92.3,357.6,564.3,921.9,1099.3,386.2,0.1,0.7,0.8,1060.6,1061.4,45.77777778,47,50.92,3,8,103.9329605,103.9663696,104.2643811,106.4087507,106.4996643,107.2711649,171.0332506,170.9199829,182.72104,114.0872904,113.9648743,115.1849817,3,68.44444444,70,73.92,259.5555556,22.11111111,23,23.92,36.33333333,37,40.6,39.66666667,40,46.6,258,294.68,489.6666667,492,526.56,676.8888889,681,721.64,2170.555556,2128,2306.84,2092.888889,2059,2318.52,1060.555556,1045,1208,13823463,44327207,32066645,42741094,30919238,9642181,21658725,15668089,4886102,5067424,3292205,6321926,61346348,-1605150,1605150,3436533,183013,1681000,2530075,1494000,2856232,5249473,7916638
site11.2023,369.6,16,0,0,0,0,0,0,0,0,0,0,0.16316,19,2,1.566666667,22.052,10.513,4.491,8.197412262,8.892026781,417.4,343.7,228.1,95.8,367.6,563.3,930.9,1227.8,418.5,0.1,1.6,1.7,1130.3,1132,12,10.5,30.58,2,1,102.779925,102.623455,103.3351395,104.1360079,104.2001877,104.5020063,170.084053,168.3592987,,110.6017405,110.3869095,111.6009756,2,21.08333333,19,49.37,536.5,27.75,28,31.97,18.5,18.5,19,52.25,51.5,57.88,538.5,576.79,766.5,760,843.62,936.75,924.5,1050.99,1745.75,1731.5,1868.26,2477.75,2470.5,2538.65,2031.25,2035.5,2087.83,12221135,22775603,18636242,32325506,26450494,14193040,26500326,21684014,11635400,8197962,1955132,3898845,27836443,-998825,998825,-757415,-1733775,979000,1330665,809000,1579872,3017531,3653997
site13.2023,20381.025,16,0,0,0,0,0,0,0,0,0,0,0.16316,19,1,1.4,22.052,10.513,4.491,8.285784801,8.907959625,423.4,349.5,236.1,100,381.9,571.7,953.6,1349.2,412.5,0.3,1.2,1.6,1191.5,1193.1,54.33333333,54,58.89,3,8,104.8483957,104.9457092,105.31639,109.9916973,110.2082443,110.8160591,153.3896561,153.8107834,155.4662196,118.0969175,118.3387032,119.4061528,3,76.75,77,80.89,230.3333333,1.25,1,2,51.16666667,51,54.45,46.08333333,46,48.89,231.5,279.59,447.25,447,496.58,567.4166667,571,645.58,2267.083333,2268.5,2400.4,1812.333333,1812,1982.67,833.8333333,834.5,945.6,12686790,50689398,39954472,40521707,31940079,7994119,18643563,14695256,3678000,4600883,3539020,6705969,64330886,-1183432,1183432,4625806,1115469,1820000,2930032,1700000,3255042,5998589,9995590
site14.2023,6094.4275,16,0,0,0,0,0,0,0,0,0,0,0.16316,19,1,1.433333333,22.052,10.513,4.491,8.24180534,8.935562619,400.8,343.8,201.8,82,333,548.5,881.5,849.7,299.1,0,0,0,909.1,909.1,21.66666667,17.5,45.34,2,8,103.136001,103.0169334,104.1923412,105.0687288,104.3946762,108.5789325,167.0815557,164.4635086,186.6914322,111.5503235,111.0209808,116.5675516,2,35.5,30,67.34,352.5833333,12.83333333,14,21,38.91666667,40,51.35,46.58333333,45,53.78,349.5,433.51,590.0833333,593.5,694.6,854.6666667,895,1020.56,2146.416667,2162.5,2284.73,2572.916667,2613,2961.58,1513.166667,1516.5,1716.56,14483830,36374806,25114080,43602599,30104329,11987033,25643271,17704758,7049734,5881134,3017063,5687135,52648205,-1828255,1828255,1729981,-902925,1556000,2123519,1292000,2422500,4306667,5852068
site15.2023,32025.21,20,7,7,7,140,0,7,7,7,1,2,0.3875,8,3,3.8,7.949,0.82,0.027,8.196181297,8.940234261,382,323.5,174.3,71.9,289,525,814,848,236.8,0,0,0,871.1,871.1,59.33333333,58.5,68.34,3,4,104.2241383,104.1806831,104.6981124,109.9695975,109.7386131,112.360565,145.0929705,146.9319916,150.8769412,117.052796,116.8391113,119.3396071,3,81,80.5,87.56,273.3333333,6.083333333,6,8.89,52.58333333,52.5,57,39.83333333,40,44,263,365.81,479.1666667,479,537.68,574.1666667,588,632.67,2160.666667,2116.5,2348.46,1795.25,1773,1997.67,961.9166667,969,1116.9,11982609,45092174,37631350,37466087,31267054,8308778,20074783,16753266,4451944,5358121,3300825,6369837,54037421,-902184,902184,3841717,922882,1681000,2738959,1586000,3076028,5801024,9398624
site16.2023,11365.2,20,0,8,5.2,104,3.815756806,8,8,0,1,2,0.19375,16,2,1.933333333,18.978,7.223,2.12,8.163572461,8.919308935,379.8,318.3,167.7,69.7,278.3,520.6,798.9,867,248.2,0,0,0,901,901,16.625,15,25.55,2,8,103.1249809,103.1573753,103.4868069,104.1425014,103.9584541,105.6121536,177.6759233,180.0628586,,110.7831655,111.2062111,112.2158321,2,28.875,27,42.4,385.6875,4.3125,4,7,18.875,18.5,25,75.4375,76,80.85,391,440,558.0625,558.5,596.4,752.25,755.5,814.4,1557.4375,1550.5,1640.7,2649.0625,2618,2921.25,1804.8125,1781.5,2041.85,13479673,27907940,20703722,47468921,35215188,17009110,32340688,23992190,11588346,6813023,2106114,4723404,37604347,-1480916,1480916,-734900,-2596291,999000,1371033,805000,1652073,3486358,4389158
site17.2023,23704.695,16,0,0,0,0,0,0,0,0,0,0,0.25833,12,3,1.9,13.818,3.267,0.434,8.195126762,8.935893735,377.3,322,171.5,69.1,285,517.4,802.4,875.8,247.6,0,0,0,840.9,840.9,56.88888889,58,58,3,1,104.967386,104.9207611,105.1841675,110.2132068,110.2885895,110.8117844,151.1948836,151.2503967,155.1870233,118.4091119,118.5862198,119.137236,3,79,80,80,279.4444444,1.333333333,1,2,53,54,54,44,43,45.92,280,287.84,506.4444444,506,524.36,639.8888889,644,665.6,2395.333333,2401,2498.36,1976.444444,1984,2085.96,909.4444444,907,978.36,12634928,47297060,37433582,39025889,30887307,8251229,17957437,14212537,3796734,4601417,3586255,6511548,59773040,-1161572,1161572,4497579,958591,1889000,2971650,1756000,3278566,5787739,9359865
site18.2023,22731.51047,20,0,5,2.25,45,2.487468593,0,0,5,0,0,0.18235,17,2,1.633333333,20.085,8.323,2.815,8.211059545,8.929222397,378.5,323.3,173.7,69.8,288,519.6,807.6,868.2,255.4,0,0,0,840.6,840.6,45.58333333,46,49.89,3,8,104.7011909,104.6833458,105.0886516,109.8290176,109.6360016,111.1503795,151.2573764,150.3836594,158.9957054,117.5209026,117.1955338,119.08296,3,67.91666667,68,72.78,328,12.33333333,12,13.96,45.33333333,45,47.7,41,40,43.92,341,349.82,534.6666667,531,556.48,713.3333333,720,726.86,2075.666667,2063,2160.02,1926.333333,1939,1958.6,1242.666667,1251,1256.88,13341646,38821696,29098131,36028678,27004673,9280552,23241895,17420561,5986832,6450943,3037850,5906478,51883004,-1435445,1435445,2511305,372407,1541000,2298430,1362000,2623267,4885222,7059421
site20.2023,19813.3425,16,0,0,0,0,0,0,0,0,0,0,0.18235,17,1,1.533333333,20.085,8.323,2.815,8.24500874,8.934433885,404.8,351.4,213.5,85.3,351.2,554.6,905.8,808.6,307.9,0,0,0,875.2,875.2,34.22222222,34,36,3,1,103.3547007,103.1853409,104.3042438,107.1104499,107.1151886,108.5611911,147.6905416,146.522049,161.6577173,112.7080409,112.2851563,115.9242346,3,54.22222222,54,56,402.3333333,2.666666667,2,4.84,42.11111111,42,44,53.66666667,54,55,404,423.36,687.4444444,694,717.6,1031.777778,1056,1087.92,2699.777778,2731,2776.84,2409.333333,2433,2524.68,1231,1237,1339.56,15008890,39272668,26166272,35047681,23351281,8924191,17906902,11930864,4559635,5109297,3598855,5942115,58958724,-2002328,2002328,3735369,567737,2012000,2608361,1668000,2865979,4471850,6179761
site22.2023,25116.35,16,0,0,0,0,0,0,0,0,0,0,0.22143,14,1,1.766666667,16.531,5.115,1.063,8.211059545,8.929222397,378.5,323.3,173.7,69.8,288,519.6,807.6,868.2,255.4,0,0,0,840.6,840.6,51,51,53,3,1,104.8174572,104.8114166,105.1205105,111.209149,111.325264,111.5908981,145.118192,145.7423172,148.2060051,118.9888401,119.155899,119.5092621,3,73.41666667,74,75,240.5,2.083333333,2,3.89,45.58333333,45,48.45,50.83333333,51,53,245.5,257.34,485.3333333,486,510.79,640.0833333,639.5,679.12,2308.25,2296,2459.31,1819.833333,1832,1929.14,888.1666667,887,970.9,13188530,47560096,36061711,37496566,28431194,7884039,18300137,13875797,3847792,4880484,3508918,6527032,62796046,-1377778,1377778,4443054,1184880,1823000,2830628,1668000,3147962,5658073,8990129
site23.2023,9471,20,0,8,7.6,152,1.743559577,8,8,0,1,2,0.18235,17,2,2.033333333,20.085,8.323,2.815,8.178853885,8.932256741,373.8,321,168.5,66.6,280.6,510.9,791.5,851,229.1,0,0,0,800.8,800.8,17.22222222,17,19.92,2,8,103.4996168,103.5348358,104.0359781,104.5041156,104.50634,105.3991711,179.0213589,178.8335266,181.1178577,112.0736694,112.3577728,114.040166,2,30.11111111,29,34.84,441.1111111,24.44444444,24,31.68,27.77777778,28,32.4,46.33333333,46,48.84,403,544.16,712.6666667,702,821,897.6666667,879,1063.48,1833.333333,1854,1881.48,2360,2389,2496.04,1845.444444,1830,2011.84,12595884,25724977,20423320,33115061,26290382,12872727,25894917,20558237,10066061,7819680,2228628,4404715,32433582,-1149782,1149782,-32626,-1256857,1121000,1544343,936000,1816300,3428571,4295028
umb07.2013,7150.5175,16,0,0,0,0,0,0,0,0,0,0,0.31,10,2,2.233333333,10.917,1.813,0.134,10.88804053,11.81200501,469.3,372.5,170.9,397.1,375.7,1026.4,1402.1,610.4,445.9,0.2,162.1,15.2,1074.3,1089.5,39.66666667,42,46.76,3,4,103.8933555,103.9371338,104.5604263,108.210222,108.4381866,110.8264484,150.2831743,151.1769562,152.4350287,115.6130659,116.932373,118.4339706,3,61.11111111,63,69.76,347.0833333,3.75,4,4.89,40.75,41.5,44.9,54,53.5,58.89,354.5,386.34,629.1666667,626.5,669.23,839.25,822,929.49,2414.666667,2412,2499.58,1989.583333,1972,2101.35,1022.666667,1012,1174.96,13339073,38378808,28771721,31622517,23706683,8239578,16254305,12185483,4235229,5140105,3328982,5865922,51191509,-1430518,1430518,4051222,965251,1785000,2569684,1575000,2862595,4841685,6962414
vrd16.2012,18.48,20,0,0,0,0,0,0,0,0,0,0,0.51667,6,2,6.533333333,5.087,0.269,0.003,10.07826001,11.97398404,249.9,183.4,21.4,108.5,40,516.8,556.8,262.1,371.7,0,40.7,1.5,758.6,760.1,1.666666667,1,2.96,1,2,100.7204393,100.695919,100.9093452,101.5509993,101.569088,101.9652772,124.4319057,124.8865814,131.1499966,103.1184775,103.0259361,103.7334869,1,2.6,2,5.88,716.25,7.333333333,7.5,9,3.166666667,2,8.35,87.83333333,87,92.89,727,786.8,1161.416667,1193.5,1228.12,1781.833333,1773.5,1868.35,2967.583333,2968.5,3088.58,2930.083333,2936.5,3130.61,1777.833333,1775.5,1949.22,15341896,25551410,16654663,25228528,16444205,9873635,15307455,9977551,5990846,6067518,2967791,4375000,39202795,-2107410,2107410,2508432,62744,1806000,1661995,1186000,1824990,2497894,2907045
vrd20.2012,166.32,16,0,0,0,0,0,0,0,0,0,0,0.3875,8,2,3.266666667,7.949,0.82,0.027,10.21830987,11.87289959,255.3,183.7,21.3,112.6,41.2,525.2,566.4,231.8,382.8,0,55.8,3.9,765.8,769.7,1.5,1.5,1.99,1,7,100.8994742,100.9125519,101.1722974,102.1467828,102.2048721,102.6566278,129.6194534,129.937439,133.1185754,103.7301814,103.7579956,104.5466901,1,2.25,1.5,4.91,675.7777778,30.77777778,30,37.52,3.555555556,2,7.8,64.11111111,65,69.84,665,730.76,976.2222222,971,1046.8,1435.888889,1453,1502.72,2172,2159,2241.32,2528.888889,2507,2663.92,1819.111111,1821,1939.76,14708627,22249033,15126519,25904849,17612010,11643135,18634191,12668885,8375281,7193322,2201767,3799238,32719909,-1903774,1903774,884490,-757447,1196000,1114147,737000,1284420,2043249,2302800
vrd22.2012,295.68,16,0,0,0,0,0,0,0,0,0,0,1.03333,3,2,6.733333333,1.543,0.014,0,10.1693164,11.87896198,256.2,184.5,21.2,112.3,41.6,527.7,569.3,211.5,365.5,0,78.5,3.6,744.4,748,2.333333333,2,3.96,1,7,101.2481706,101.3280716,101.5570554,102.2712063,102.2445526,102.5455194,145.4407467,147.2708893,151.6260974,104.5138287,104.7824631,105.1368555,1,3.2,3,6.88,744.3333333,27.41666667,26,36.67,4.333333333,3.5,9.35,66.75,68.5,72.89,738,793.23,1120.5,1121.5,1193.94,1574.75,1574,1635.46,2449.5,2471.5,2576.48,3029.666667,3001,3174.29,2191.666667,2201.5,2321.92,14053994,21860776,15554850,27038524,19239033,12368511,19559720,13917553,8947404,7234019,2326409,3723732,30729640,-1685226,1685226,556034,-1058781,1329000,1285592,875000,1454616,2174994,2473606
vrd23.2012,406.56,16,0,0,0,0,0,0,0,0,0,0,0.51667,6,2,3.766666667,5.087,0.269,0.003,10.2663371,11.81743993,258.6,184.7,21.5,115.1,43,531.5,574.5,204.6,379.7,0,84.5,7.3,760.8,768.1,1,1,1,1,6,100.9317722,100.9025269,101.1630211,102.4486726,102.4402733,103.0538204,130.588824,130.8396606,134.6050688,103.5723349,103.4875641,104.7592413,1,1.2,1,1.96,,34.41666667,34,43.89,3.166666667,2.5,5.45,61,62.5,71.89,,,,,,,,2090.89,2797.083333,2795.5,3024.77,2970.166667,2983,3145.53,2201.166667,2206,2306.49,14852714,20728092,13955761,22010745,14819342,10618799,16311987,10982496,7869507,7410920,2374809,3492523,30801104,-1953475,1953475,1192477,-299983,1448000,1093776,793000,1213652,1651739,1814011
vrd25.2012,129.36,20,0,2,0.4,8,0.8,0,0,2,0,0,0.44286,7,1,2.933333333,6.492,0.494,0.01,10.15982598,11.81401975,271.7,185.5,20.5,125.9,47.3,554.2,601.5,263.6,354.4,0,90.3,6.9,766.9,773.8,1,1,1,1,6,100.9219844,100.9486923,101.2560541,101.948076,101.9702682,102.1399075,133.0301632,131.9688416,137.9565027,104.0286713,103.6968307,105.199733,1,2,2,2,624.4444444,23.11111111,23,27.68,1.444444444,1,4.8,73.88888889,75,77.84,622,693.52,1012.888889,1015,1089.6,1514.333333,1520,1616.84,2210.666667,2174,2418.08,2597.444444,2597,2756.84,1818.777778,1808,1891.6,14950636,21825362,14598283,25643923,17152396,11749598,17956341,12010419,8227282,7002182,2185600,3718187,32670601,-1987332,1987332,973188,-805076,1198000,1040389,696000,1196699,1868958,2081843
vrd30.2012,6699,25,0,0,0,0,0,0,0,0,0,0,3.1,1,9,8.033333333,0.195,0,0,10.31790092,11.99896548,284.5,188.7,22.7,141.9,56.5,584.3,640.8,332,271.1,0,71.7,0,713.2,713.2,24.11111111,22,32.68,2,8,103.6547775,103.5360794,104.377106,106.9581138,107.029892,107.8217538,158.1195577,158.2273407,160.9689539,112.8536072,112.9649353,115.2546957,2,40.33333333,37,52.52,407.7777778,24.77777778,25,31.68,29.66666667,28,34.8,44,44,51.68,407,458.24,699.8888889,715,785.24,1002.222222,993,1164.76,2110.777778,2091,2243.36,2087.333333,2117,2388.8,1419,1446,1639.16,14319733,30158755,21060976,29823782,20827051,9888930,20274647,14158537,6722640,6798148,2710334,5023140,43270890,-1781305,1781305,1958062,54801,1411000,1781576,1108000,2048817,3560411,4511335
vrd32.2012,73.92,20,0,0,0,0,0,0,0,0,0,0,0.34444,9,2,2.7,9.432,1.258,0.064,10.23630443,12.02389583,293.4,189.7,24.6,156.2,62,605,667,329,219.6,0,55.5,0,643.8,643.8,1,1,1,1,2,102.5158641,102.4923706,102.7311905,104.8931647,104.9416504,105.3957935,143.0592109,144.0036621,148.3995532,108.6694989,109.1346436,109.495506,1,1.333333333,1,2,558,8.333333333,8,12.84,4,5,6,86.44444444,86,87,555,609.96,877.5555556,894,954.16,1342.111111,1370,1438.16,2062.333333,2068,2150.28,3107.222222,3120,3178.96,2048.444444,2061,2082.96,15293745,23500886,15366338,35407698,23151751,15066537,23342618,15262853,9932654,6592526,2238947,4031984,35978412,-2095539,2095539,34063,-2021668,1185000,1106176,720000,1285102,2115159,2395615
vrd33.2012,55.44,20,0,0,0,0,0,0,0,0,0,0,0.775,4,2,4.566666667,2.572,0.049,0,10.30963633,12.00312404,296.5,190.7,25.1,163.9,65.7,616.3,682,322.2,236.6,0,60.9,0,660.1,660.1,1,1,1,1,1,102.1599536,102.2649155,102.5153079,104.1780014,104.4558868,104.6523492,151.0101386,150.3383026,155.2174445,109.1662632,109.4900589,110.5509131,1,1.888888889,2,3,524.8888889,2.222222222,2,3.84,5.777777778,6,7,90.66666667,91,91.92,523,611.12,848,834,932,1283.777778,1291,1347.12,2280.444444,2314,2338.84,3062.555556,3039,3132.08,1748.222222,1777,1814.72,15138889,26892034,17763545,36115042,23855808,13429643,20615828,13617795,7666147,5708377,2642717,4578005,40678956,-2041295,2041295,1320755,-1463871,1432000,1530357,997000,1746467,2798204,3330735
vrd37.2012,11596.2,16,0,0,0,0,0,0,0,0,0,0,0,0,25,15.5,0,0,0,10.27160787,12.00559509,294.65,190.3,24.55,160.9,64,611.75,675.75,325.2,242.9,0,60.9,0,669,669,31.33333333,31,35.84,3,8,102.7429242,102.8014297,103.2725702,105.7786874,105.9160919,106.7566211,141.8972727,142.3634033,149.2496082,109.5527191,110.0761108,111.2346646,3,50.55555556,51,55.84,316.6666667,25.55555556,25,35.28,34.88888889,35,37.6,37.88888889,39,41.92,310,406.4,592,576,709.64,856.3333333,850,1015.44,2125,2105,2268.24,1955.333333,1919,2176.16,1370.666667,1328,1676.4,14465090,35895270,24815103,33029279,22833787,9201569,23153153,16006228,6450196,7009887,2979785,5642252,51902621,-1823204,1823204,2160229,416667,1533000,2086585,1269000,2385039,4256961,5755877
wedo01.2012,4370.912,20,0,7,4.55,91,3.338787205,7,7,0,1,2,0.155,20,1,1.433333333,22.908,11.563,,10.78959421,11.47089523,451,326.8,231,481.5,449.5,1052.5,1502,1063.4,529.9,0.2,198.5,36.7,1613.7,1650.4,29.83333333,28,48.78,2,7,102.440239,102.331955,104.2496739,104.2824282,104.2806854,106.4471773,152.249139,146.7153625,165.1452847,108.9420449,108.2254791,114.3980896,3,47.66666667,46,70.89,274.3333333,16.58333333,18.5,24.89,41.08333333,40,49.9,40.83333333,40.5,45.78,268.5,321.91,453.5833333,438.5,521.37,576.25,549,681.02,1894.666667,1881,2052.84,2047.583333,2040.5,2207.04,1048.416667,1044.5,1158.9,12704391,41771082,32879248,45142385,35532899,10807090,23114091,18193782,5533515,5120264,2942017,6139753,53162581,-1195335,1195335,2875595,-388226,1441000,2293214,1318000,2646586,5336032,8133379
wedo03.2012,11338.1275,16,0,0,0,0,0,0,0,0,0,0,0.17222,18,1,1.733333333,21.111,9.427,3.611,10.79076465,11.48524667,453,327.7,232.2,484.9,451.8,1056.1,1507.9,1004.5,530.3,0.2,227.8,34.9,1600.9,1635.8,43.25,42,58,3,4,105.1678019,105.0453835,105.9460545,109.4025011,109.5842018,110.8998211,158.9884958,159.1884232,172.5037811,118.3521223,118.2817841,120.023185,3,64.75,63,80,304.9375,3,3,5.85,43.1875,42,54,52.5,53,59.7,315,349.7,474.9375,479.5,510.1,660.1875,666,726.2,2043.1875,2047.5,2147.7,1878,1893,2002.6,945.75,942,1062.25,13900513,43020134,30948594,39542045,28446464,9191521,19913146,14325476,4628797,5035942,3130903,6233611,60014421,-1640212,1640212,3674699,420811,1569000,2358574,1383000,2693107,5116537,7593904
wh02.2012,240.24,20,9,9,9,180,0,9,9,9,1,2,0.28182,11,2,2.3,12.385,2.485,0.251,9.588001157,11.94245538,190.3,149.4,18.9,61.8,32.9,374.7,407.6,180,293.3,0,11.9,0.1,524.6,524.7,20.16666667,19.5,28.67,2,11,101.8134429,101.8074112,102.1644006,103.0781193,103.1079369,103.3792375,142.7403603,143.2025986,147.2523639,107.4395123,107.1660805,108.550279,2,34.33333333,34,46.56,471.8333333,31.16666667,32,36.78,26.66666667,26.5,31.9,40.83333333,42,45.89,462.5,528.12,897.9166667,895,944.9,1277.083333,1295,1387.62,2353.166667,2347.5,2465.71,2504.25,2477.5,2632.78,1828.5,1878,1931.25,14222738,26206961,18426101,27889559,19609135,10642043,20363805,14317781,7770380,7301587,2647273,4480000,37344611,-1747930,1747930,1255680,-310891,1456000,1648036,1076000,1870220,2964187,3574240
wh07.2012,240.24,20,0,0,0,0,0,0,0,0,0,0,1.55,2,1,6.733333333,0.732,0.002,0,9.765237672,11.83184484,217.1,167.8,19.3,81.7,33.4,442.6,476,250.5,317.1,0,52.3,1.2,697.5,698.7,2.25,2.5,3,1,10,100.943037,100.9432983,101.0500103,102.2096373,102.2026291,102.4979689,140.0420494,139.9455566,142.1721976,103.9648094,104.0236206,104.3817131,1,2.25,1,6,738.6666667,35.33333333,35.5,37.89,5.75,4.5,10,57.5,57,62.67,746.5,787.13,1187.666667,1185,1232.57,1691.166667,1687,1783.83,2532.916667,2522.5,2622.13,3530.416667,3513.5,3618.78,2886,2879,3023.64,14239405,21326831,14977333,29725653,20875628,13938148,24299747,17065142,11393979,8174672,2313912,3616564,30388263,-1751216,1751216,-653378,-1646321,1345000,1214483,841000,1367776,1991475,2236580
