uid,site,date_er,date,zone,easting,northing,lattitude,longitude,datum,factor,count,height_o,height_g,Discription,issues,species,sp_l,sp_d
4,SA16_2_2,11/7/2000,,53,259016,8296171,,,AGD66,0.5,3,,,,,E. miniata,6,0
4,SA16_2_2,11/7/2000,,53,259016,8296171,,,AGD66,0.5,3,,,,,E. tetrodonta,17,0
4,SA16_2_2,11/7/2000,,53,259016,8296171,,,AGD66,0.5,3,,,,,others,3,0
4,SA16_2_2,11/7/2000,,53,259016,8296171,,,AGD66,0.5,3,,,,,dead,0,4
4,SA16_2_2,11/7/2000,,53,259016,8296171,,,AGD66,0.5,3,,,,,Eucalyptus sp.,13,0
5,SA16_1_2,11/7/2000,,53,259081,8296124,,,AGD66,0.5,3,,,,,E. tetrodonta,18,0
5,SA16_1_2,11/7/2000,,53,259081,8296124,,,AGD66,0.5,3,,,,,Eucalyptus sp.,16,0
5,SA16_1_2,11/7/2000,,53,259081,8296124,,,AGD66,0.5,3,,,,,others,2,0
5,SA16_1_2,11/7/2000,,53,259081,8296124,,,AGD66,0.5,3,,,,,dead,0,11
5,SA16_1_2,11/7/2000,,53,259081,8296124,,,AGD66,0.5,3,,,,,E. miniata,14,0
6,SA15_2_2,11/6/2000,,53,313560,8339657,,,AGD66,0.5,3,,,,,Eucalyptus terminalis,17,0
6,SA15_2_2,11/6/2000,,53,313560,8339657,,,AGD66,0.5,3,,,,,Eucalyptus tectifica,6,0
6,SA15_2_2,11/6/2000,,53,313560,8339657,,,AGD66,0.5,3,,,,,Eucalyptus sp.,2,0
6,SA15_2_2,11/6/2000,,53,313560,8339657,,,AGD66,0.5,3,,,,,others,3,0
6,SA15_2_2,11/6/2000,,53,313560,8339657,,,AGD66,0.5,3,,,,,dead,0,5
6,SA15_2_2,11/6/2000,,53,313560,8339657,,,AGD66,0.5,3,,,,,Lysiphyllum cunninghamii,3,0
7,SA15_1_2,11/6/2000,,53,313466,8339654,,,AGD66,0.5,3,,,,,Eucalyptus terminalis,23,0
7,SA15_1_2,11/6/2000,,53,313466,8339654,,,AGD66,0.5,3,,,,,Eucalyptus tectifica,10,0
7,SA15_1_2,11/6/2000,,53,313466,8339654,,,AGD66,0.5,3,,,,,Eucalyptus sp.,1,0
7,SA15_1_2,11/6/2000,,53,313466,8339654,,,AGD66,0.5,3,,,,,others,3,0
7,SA15_1_2,11/6/2000,,53,313466,8339654,,,AGD66,0.5,3,,,,,dead,0,6
8,SA14_2_2,11/5/2000,,53,346501,8347001,,,AGD66,0.25,3,,,,,Terminalia arostrata,13,0
8,SA14_2_2,11/5/2000,,53,346501,8347001,,,AGD66,0.25,3,,,,,Eucalyptus terminalis,6,0
8,SA14_2_2,11/5/2000,,53,346501,8347001,,,AGD66,0.25,3,,,,,others,1,0
8,SA14_2_2,11/5/2000,,53,346501,8347001,,,AGD66,0.25,3,,,,,dead,0,2
8,SA14_2_2,11/5/2000,,53,346501,8347001,,,AGD66,0.25,3,,,,,Eucalyptus pruinosa,1,0
9,SA14_1_2,11/5/2000,,53,346582,8346987,,,AGD66,0.25,3,,,,,Terminalia arostrata,17,0
9,SA14_1_2,11/5/2000,,53,346582,8346987,,,AGD66,0.25,3,,,,,Eucalyptus terminalis,8,0
9,SA14_1_2,11/5/2000,,53,346582,8346987,,,AGD66,0.25,3,,,,,others,3,0
9,SA14_1_2,11/5/2000,,53,346582,8346987,,,AGD66,0.25,3,,,,,dead,0,2
9,SA14_1_2,11/5/2000,,53,346582,8346987,,,AGD66,0.25,3,,,,,Eucalyptus pruinosa,1,0
10,SA13_2_2,11/5/2000,,53,349382,8351219,,,AGD66,0.5,3,,,,,Eucalyptus pruinosa,29,0
10,SA13_2_2,11/5/2000,,53,349382,8351219,,,AGD66,0.5,3,,,,,Brachychiton diversifolius,2,0
10,SA13_2_2,11/5/2000,,53,349382,8351219,,,AGD66,0.5,3,,,,,others,1,0
10,SA13_2_2,11/5/2000,,53,349382,8351219,,,AGD66,0.5,3,,,,,dead,0,14
10,SA13_2_2,11/5/2000,,53,349382,8351219,,,AGD66,0.5,3,,,,,Terminalia platyptera,4,0
11,SA13_1_2,11/5/2000,,53,349442,8351223,,,AGD66,0.5,3,,,,,Eucalyptus pruinosa,26,0
11,SA13_1_2,11/5/2000,,53,349442,8351223,,,AGD66,0.5,3,,,,,Terminalia platyptera,6,0
11,SA13_1_2,11/5/2000,,53,349442,8351223,,,AGD66,0.5,3,,,,,Atalaya hemiglauca,1,0
11,SA13_1_2,11/5/2000,,53,349442,8351223,,,AGD66,0.5,3,,,,,others,3,0
11,SA13_1_2,11/5/2000,,53,349442,8351223,,,AGD66,0.5,3,,,,,dead,0,3
11,SA13_1_2,11/5/2000,,53,349442,8351223,,,AGD66,0.5,3,,,,,Eucalyptus sp.,1,0
12,SA12_2_2,11/5/2000,,53,364642,8350570,,,AGD66,0.25,3,,,,,Eucalyptus sp.,13,0
12,SA12_2_2,11/5/2000,,53,364642,8350570,,,AGD66,0.25,3,,,,,dead,0,1
13,SA12_1_2,11/5/2000,,53,364729,8350572,,,AGD66,0.25,3,,,,,Eucalyptus sp.,17,0
13,SA12_1_2,11/5/2000,,53,364729,8350572,,,AGD66,0.25,3,,,,,dead,0,8
14,SA11_2_2,11/3/2000,,53,369147,8351688,,,AGD66,0.5,3,,,,,Eucalyptus leucophloia,49,0
14,SA11_2_2,11/3/2000,,53,369147,8351688,,,AGD66,0.5,3,,,,,Acacia shirleyi,59,0
14,SA11_2_2,11/3/2000,,53,369147,8351688,,,AGD66,0.5,3,,,,,dead,0,34
15,SA11_1_2,11/3/2000,,53,369069,8351645,,,AGD66,0.5,3,,,,,Eucalyptus leucophloia,46,0
15,SA11_1_2,11/3/2000,,53,369069,8351645,,,AGD66,0.5,3,,,,,Acacia shirleyi,49,0
15,SA11_1_2,11/3/2000,,53,369069,8351645,,,AGD66,0.5,3,,,,,others,1,0
15,SA11_1_2,11/3/2000,,53,369069,8351645,,,AGD66,0.5,3,,,,,dead,0,22
16,SA10_2_2,11/2/2000,,53,473263,8375341,,,AGD66,0.25,3,,,,,Excoecaria parvifolia,49,0
16,SA10_2_2,11/2/2000,,53,473263,8375341,,,AGD66,0.25,3,,,,,Terminalia volucris,22,0
16,SA10_2_2,11/2/2000,,53,473263,8375341,,,AGD66,0.25,3,,,,,Melaleuca sp.,10,0
16,SA10_2_2,11/2/2000,,53,473263,8375341,,,AGD66,0.25,3,,,,,others,18,0
16,SA10_2_2,11/2/2000,,53,473263,8375341,,,AGD66,0.25,3,,,,,dead,0,9
16,SA10_2_2,11/2/2000,,53,473263,8375341,,,AGD66,0.25,3,,,,,Atalaya hemiglauca,6,0
17,SA10_1_2,11/2/2000,,53,473285,8375262,,,AGD66,0.25,3,,,,,Excoecaria parvifolia,39,0
17,SA10_1_2,11/2/2000,,53,473285,8375262,,,AGD66,0.25,3,,,,,Atalaya hemiglauca,12,0
17,SA10_1_2,11/2/2000,,53,473285,8375262,,,AGD66,0.25,3,,,,,Terminalia volucris,26,0
17,SA10_1_2,11/2/2000,,53,473285,8375262,,,AGD66,0.25,3,,,,,others,17,0
17,SA10_1_2,11/2/2000,,53,473285,8375262,,,AGD66,0.25,3,,,,,dead,0,13
18,SA9_2_2,11/1/2000,,53,545101,8415183,,,AGD66,0.5,3,,,,,E. tetrodonta,40,0
18,SA9_2_2,11/1/2000,,53,545101,8415183,,,AGD66,0.5,3,,,,,Callitris intratropica ,17,0
18,SA9_2_2,11/1/2000,,53,545101,8415183,,,AGD66,0.5,3,,,,,others,1,0
18,SA9_2_2,11/1/2000,,53,545101,8415183,,,AGD66,0.5,3,,,,,dead,0,13
19,SA9_1_2,11/1/2000,,53,545018,8415167,,,AGD66,0.5,3,,,,,E. tetrodonta,50,0
19,SA9_1_2,11/1/2000,,53,545018,8415167,,,AGD66,0.5,3,,,,,Callitris intratropica ,24,0
19,SA9_1_2,11/1/2000,,53,545018,8415167,,,AGD66,0.5,3,,,,,others,7,0
19,SA9_1_2,11/1/2000,,53,545018,8415167,,,AGD66,0.5,3,,,,,dead,0,21
20,SA8_2_2,11/1/2000,,53,546537,8416017,,,AGD66,0.5,3,,,,,E. tetrodonta,47,0
20,SA8_2_2,11/1/2000,,53,546537,8416017,,,AGD66,0.5,3,,,,,others,6,0
20,SA8_2_2,11/1/2000,,53,546537,8416017,,,AGD66,0.5,3,,,,,dead,0,11
21,SA8_1_2,11/1/2000,,53,546433,8416030,,,AGD66,0.5,3,,,,,E. tetrodonta,27,0
21,SA8_1_2,11/1/2000,,53,546433,8416030,,,AGD66,0.5,3,,,,,E. miniata,1,0
21,SA8_1_2,11/1/2000,,53,546433,8416030,,,AGD66,0.5,3,,,,,others,18,0
21,SA8_1_2,11/1/2000,,53,546433,8416030,,,AGD66,0.5,3,,,,,dead,0,14
22,SA7_2_2,10/30/2000,,53,586686,8467260,,,AGD66,0.5,3,,,,,E. tetrodonta,39,0
22,SA7_2_2,10/30/2000,,53,586686,8467260,,,AGD66,0.5,3,,,,,E. miniata,20,0
22,SA7_2_2,10/30/2000,,53,586686,8467260,,,AGD66,0.5,3,,,,,others,6,0
22,SA7_2_2,10/30/2000,,53,586686,8467260,,,AGD66,0.5,3,,,,,dead,0,2
23,SA7_1_2,10/30/2000,,53,586726,8467325,,,AGD66,0.5,3,,,,,E. tetrodonta,38,0
23,SA7_1_2,10/30/2000,,53,586726,8467325,,,AGD66,0.5,3,,,,,E. miniata,19,0
23,SA7_1_2,10/30/2000,,53,586726,8467325,,,AGD66,0.5,3,,,,,dead,0,3
24,SA6_2_2,10/29/2000,,53,576284,8533262,,,AGD66,0.5,3,,,,,E. miniata,33,0
24,SA6_2_2,10/29/2000,,53,576284,8533262,,,AGD66,0.5,3,,,,,E. tetrodonta,34,0
24,SA6_2_2,10/29/2000,,53,576284,8533262,,,AGD66,0.5,3,,,,,others,5,0
24,SA6_2_2,10/29/2000,,53,576284,8533262,,,AGD66,0.5,3,,,,,dead,0,10
25,SA6_1_2,10/29/2000,,53,576345,8533428,,,AGD66,0.5,3,,,,,E. miniata,21,0
25,SA6_1_2,10/29/2000,,53,576345,8533428,,,AGD66,0.5,3,,,,,E. tetrodonta,41,0
25,SA6_1_2,10/29/2000,,53,576345,8533428,,,AGD66,0.5,3,,,,,others,4,0
25,SA6_1_2,10/29/2000,,53,576345,8533428,,,AGD66,0.5,3,,,,,dead,0,12
26,SA5_2_2,10/28/2000,,53,580900,8578414,,,AGD66,0.5,3,,,,,E. tetrodonta,54,0
26,SA5_2_2,10/28/2000,,53,580900,8578414,,,AGD66,0.5,3,,,,,E. miniata,9,0
26,SA5_2_2,10/28/2000,,53,580900,8578414,,,AGD66,0.5,3,,,,,others,13,0
26,SA5_2_2,10/28/2000,,53,580900,8578414,,,AGD66,0.5,3,,,,,dead,0,9
27,SA5_1_2,10/28/2000,,53,580835,8578462,,,AGD66,0.5,3,,,,,E. tetrodonta,38,0
27,SA5_1_2,10/28/2000,,53,580835,8578462,,,AGD66,0.5,3,,,,,E. miniata,2,0
27,SA5_1_2,10/28/2000,,53,580835,8578462,,,AGD66,0.5,3,,,,,dead,0,4
28,SA4_2_2,10/27/2000,,53,456471,8512030,,,AGD66,0.5,3,,,,,E. miniata,43,0
28,SA4_2_2,10/27/2000,,53,456471,8512030,,,AGD66,0.5,3,,,,,E. tetrodonta,26,0
28,SA4_2_2,10/27/2000,,53,456471,8512030,,,AGD66,0.5,3,,,,,Eucalyptus sp.,2,0
28,SA4_2_2,10/27/2000,,53,456471,8512030,,,AGD66,0.5,3,,,,,others,3,0
28,SA4_2_2,10/27/2000,,53,456471,8512030,,,AGD66,0.5,3,,,,,dead,0,3
29,SA4_1_2,10/27/2000,,53,456522,8512102,,,AGD66,0.75,3,,,,,E. tetrodonta,22,0
29,SA4_1_2,10/27/2000,,53,456522,8512102,,,AGD66,0.75,3,,,,,E. miniata,34,0
29,SA4_1_2,10/27/2000,,53,456522,8512102,,,AGD66,0.75,3,,,,,others,4,0
29,SA4_1_2,10/27/2000,,53,456522,8512102,,,AGD66,0.75,3,,,,,dead,0,4
30,SA3_2_2,10/27/2000,,53,443345,8503752,,,AGD66,0.25,3,,,,,Eucalyptus sp.,23,0
30,SA3_2_2,10/27/2000,,53,443345,8503752,,,AGD66,0.25,3,,,,,Eucalyptus tectifica,14,0
30,SA3_2_2,10/27/2000,,53,443345,8503752,,,AGD66,0.25,3,,,,,others,2,0
30,SA3_2_2,10/27/2000,,53,443345,8503752,,,AGD66,0.25,3,,,,,dead,0,5
30,SA3_2_2,10/27/2000,,53,443345,8503752,,,AGD66,0.25,3,,,,,E. tetrodonta,9,0
31,SA3_1_2,10/27/2000,,53,443414,8503823,,,AGD66,0.25,3,,,,,Eucalyptus sp.,39,0
31,SA3_1_2,10/27/2000,,53,443414,8503823,,,AGD66,0.25,3,,,,,others,5,0
31,SA3_1_2,10/27/2000,,53,443414,8503823,,,AGD66,0.25,3,,,,,dead,0,10
31,SA3_1_2,10/27/2000,,53,443414,8503823,,,AGD66,0.25,3,,,,,E. tetrodonta,11,0
31,SA3_1_2,10/27/2000,,53,443414,8503823,,,AGD66,0.25,3,,,,,Eucalyptus tectifica,4,0
32,SA2_2_2,10/26/2000,,53,366092,8434247,,,AGD66,0.25,3,,,,,Eucalyptus tectifica,6,0
32,SA2_2_2,10/26/2000,,53,366092,8434247,,,AGD66,0.25,3,,,,,others,3,0
32,SA2_2_2,10/26/2000,,53,366092,8434247,,,AGD66,0.25,3,,,,,dead,0,31
32,SA2_2_2,10/26/2000,,53,366092,8434247,,,AGD66,0.25,3,,,,,Brachychiton diversifolius,1,0
32,SA2_2_2,10/26/2000,,53,366092,8434247,,,AGD66,0.25,3,,,,,Eucalyptus terminalis,6,0
33,SA2_1_2,10/26/2000,,53,366009,8434192,,,AGD66,0.25,3,,,,,Brachychiton diversifolius,5,0
33,SA2_1_2,10/26/2000,,53,366009,8434192,,,AGD66,0.25,3,,,,,Eucalyptus tectifica,9,0
33,SA2_1_2,10/26/2000,,53,366009,8434192,,,AGD66,0.25,3,,,,,Eucalyptus terminalis,7,0
33,SA2_1_2,10/26/2000,,53,366009,8434192,,,AGD66,0.25,3,,,,,dead,0,19
33,SA2_1_2,10/26/2000,,53,366009,8434192,,,AGD66,0.25,3,,,,,Gardenia megasperma,2,0
34,SA1_2_2,10/25/2000,,53,331234,8423627,,,AGD66,0.5,3,,,,,E. miniata,7,0
34,SA1_2_2,10/25/2000,,53,331234,8423627,,,AGD66,0.5,3,,,,,E. tetrodonta,16,0
34,SA1_2_2,10/25/2000,,53,331234,8423627,,,AGD66,0.5,3,,,,,Corymbia bleeseri,9,0
34,SA1_2_2,10/25/2000,,53,331234,8423627,,,AGD66,0.5,3,,,,,others,4,0
34,SA1_2_2,10/25/2000,,53,331234,8423627,,,AGD66,0.5,3,,,,,dead,0,7
35,SA1_1_2,10/25/2000,,53,331322,8423629,,,AGD66,0.5,3,,,,,Corymbia bleeseri,14,0
35,SA1_1_2,10/25/2000,,53,331322,8423629,,,AGD66,0.5,3,,,,,Eucalyptus sp.,3,0
35,SA1_1_2,10/25/2000,,53,331322,8423629,,,AGD66,0.5,3,,,,,E. tetrodonta,15,0
35,SA1_1_2,10/25/2000,,53,331322,8423629,,,AGD66,0.5,3,,,,,others,3,0
35,SA1_1_2,10/25/2000,,53,331322,8423629,,,AGD66,0.5,3,,,,,dead,0,4
35,SA1_1_2,10/25/2000,,53,331322,8423629,,,AGD66,0.5,3,,,,,E. miniata,10,0
51,KAK5_2_2,9/20/2000,,53,243514,8575848,,,AGD66,0.5,3,,,,,E. miniata,73,0
51,KAK5_2_2,9/20/2000,,53,243514,8575848,,,AGD66,0.5,3,,,,,Corymbia bleeseri,10,0
51,KAK5_2_2,9/20/2000,,53,243514,8575848,,,AGD66,0.5,3,,,,,others,29,0
51,KAK5_2_2,9/20/2000,,53,243514,8575848,,,AGD66,0.5,3,,,,,dead,0,9
51,KAK5_2_2,9/20/2000,,53,243514,8575848,,,AGD66,0.5,3,,,,,E. tetrodonta,22,0
51,KAK5_2_2,9/20/2000,,53,243514,8575848,,,AGD66,0.5,3,,,,,Corymbia porrecta,11,0
52,KAK5_1_2,9/20/2000,,53,243417,8575864,,,AGD66,0.5,3,,,,,E. tetrodonta,30,0
52,KAK5_1_2,9/20/2000,,53,243417,8575864,,,AGD66,0.5,3,,,,,Corymbia bleeseri,23,0
52,KAK5_1_2,9/20/2000,,53,243417,8575864,,,AGD66,0.5,3,,,,,E. miniata,37,0
52,KAK5_1_2,9/20/2000,,53,243417,8575864,,,AGD66,0.5,3,,,,,others,19,0
52,KAK5_1_2,9/20/2000,,53,243417,8575864,,,AGD66,0.5,3,,,,,dead,0,7
52,KAK5_1_2,9/20/2000,,53,243417,8575864,,,AGD66,0.5,3,,,,,Corymbia porrecta,11,0
53,KAK4_2_2,9/20/2000,,53,260505,8581558,,,AGD66,0.5,3,,,,,E. miniata,59,0
53,KAK4_2_2,9/20/2000,,53,260505,8581558,,,AGD66,0.5,3,,,,,E. tetrodonta,50,0
53,KAK4_2_2,9/20/2000,,53,260505,8581558,,,AGD66,0.5,3,,,,,others,20,0
53,KAK4_2_2,9/20/2000,,53,260505,8581558,,,AGD66,0.5,3,,,,,dead,0,24
53,KAK4_2_2,9/20/2000,,53,260505,8581558,,,AGD66,0.5,3,,,,,Corymbia porrecta,6,0
54,KAK4_1_2,9/20/2000,,53,260591,8581536,,,AGD66,0.5,3,,,,,E. tetrodonta,69,0
54,KAK4_1_2,9/20/2000,,53,260591,8581536,,,AGD66,0.5,3,,,,,E. miniata,21,0
54,KAK4_1_2,9/20/2000,,53,260591,8581536,,,AGD66,0.5,3,,,,,Corymbia porrecta,21,0
54,KAK4_1_2,9/20/2000,,53,260591,8581536,,,AGD66,0.5,3,,,,,others,23,0
54,KAK4_1_2,9/20/2000,,53,260591,8581536,,,AGD66,0.5,3,,,,,dead,0,9
54,KAK4_1_2,9/20/2000,,53,260591,8581536,,,AGD66,0.5,3,,,,,E. chlorostachys,10,0
55,KAK3_1_2,9/20/2000,,53,262350,8596434,,,AGD66,0.5,3,,,,,E. tetrodonta,43,0
55,KAK3_1_2,9/20/2000,,53,262350,8596434,,,AGD66,0.5,3,,,,,Corymbia bleeseri,5,0
55,KAK3_1_2,9/20/2000,,53,262350,8596434,,,AGD66,0.5,3,,,,,others,38,0
55,KAK3_1_2,9/20/2000,,53,262350,8596434,,,AGD66,0.5,3,,,,,dead,0,11
55,KAK3_1_2,9/20/2000,,53,262350,8596434,,,AGD66,0.5,3,,,,,Corymbia porrecta,3,0
56,KAK3_2_2,9/20/2000,,53,262430,8596443,,,AGD66,0.5,3,,,,,E. tetrodonta,53,0
56,KAK3_2_2,9/20/2000,,53,262430,8596443,,,AGD66,0.5,3,,,,,others,39,0
56,KAK3_2_2,9/20/2000,,53,262430,8596443,,,AGD66,0.5,3,,,,,dead,0,12
56,KAK3_2_2,9/20/2000,,53,262430,8596443,,,AGD66,0.5,3,,,,,Corymbia bleeseri,10,0
56,KAK3_2_2,9/20/2000,,53,262430,8596443,,,AGD66,0.5,3,,,,,Melaleuca viridiflora,4,0
57,KAK2_2_2,9/19/2000,,53,245329,8584120,,,AGD66,0.5,3,,,,,Corymbia bleeseri,35,0
57,KAK2_2_2,9/19/2000,,53,245329,8584120,,,AGD66,0.5,3,,,,,others,43,0
57,KAK2_2_2,9/19/2000,,53,245329,8584120,,,AGD66,0.5,3,,,,,dead,0,12
57,KAK2_2_2,9/19/2000,,53,245329,8584120,,,AGD66,0.5,3,,,,,E. miniata,45,0
58,KAK2_1_2,9/19/2000,,53,245250,8584109,,,AGD66,0.5,3,,,,,Corymbia bleeseri,50,0
58,KAK2_1_2,9/19/2000,,53,245250,8584109,,,AGD66,0.5,3,,,,,Corymbia sp.,13,0
58,KAK2_1_2,9/19/2000,,53,245250,8584109,,,AGD66,0.5,3,,,,,others,15,0
58,KAK2_1_2,9/19/2000,,53,245250,8584109,,,AGD66,0.5,3,,,,,dead,0,10
59,KAK1_1_2,9/19/2000,,53,220989,8564380,,,AGD66,0.5,3,,,,,E. tetrodonta,56,0
59,KAK1_1_2,9/19/2000,,53,220989,8564380,,,AGD66,0.5,3,,,,,E. chlorostachys,15,0
59,KAK1_1_2,9/19/2000,,53,220989,8564380,,,AGD66,0.5,3,,,,,others,58,0
59,KAK1_1_2,9/19/2000,,53,220989,8564380,,,AGD66,0.5,3,,,,,dead,0,12
60,KAK1_1_1,9/19/2000,,53,220989,8564380,,,AGD66,0.5,3,,,,,E. tetrodonta,56,0
60,KAK1_1_1,9/19/2000,,53,220989,8564380,,,AGD66,0.5,3,,,,,E. chlorostachys,15,0
60,KAK1_1_1,9/19/2000,,53,220989,8564380,,,AGD66,0.5,3,,,,,others,58,0
60,KAK1_1_1,9/19/2000,,53,220989,8564380,,,AGD66,0.5,3,,,,,dead,0,12
61,KAK1_2_2,9/19/2000,,53,220900,8564361,,,AGD66,0.5,3,,,,,E. tetrodonta,93,0
61,KAK1_2_2,9/19/2000,,53,220900,8564361,,,AGD66,0.5,3,,,,,E. chlorostachys,18,0
61,KAK1_2_2,9/19/2000,,53,220900,8564361,,,AGD66,0.5,3,,,,,others,22,0
61,KAK1_2_2,9/19/2000,,53,220900,8564361,,,AGD66,0.5,3,,,,,dead,0,5
64,MK3_1_2,7/27/2000,,53,187876,8488742,,,AGD66,0.5,3,,,,,Eucalyptus sp.,14,0
64,MK3_1_2,7/27/2000,,53,187876,8488742,,,AGD66,0.5,3,,,,,dead,0,2
64,MK3_1_2,7/27/2000,,53,187876,8488742,,,AGD66,0.5,3,,,,,others,3,0
65,MK3_2_2,7/27/2000,,53,187780,8488758,,,AGD66,0.5,3,,,,,Eucalyptus tectifica,12,0
65,MK3_2_2,7/27/2000,,53,187780,8488758,,,AGD66,0.5,3,,,,,dead,0,1
65,MK3_2_2,7/27/2000,,53,187780,8488758,,,AGD66,0.5,3,,,,,E. miniata,14,0
65,MK3_2_2,7/27/2000,,53,187780,8488758,,,AGD66,0.5,3,,,,,Eucalyptus sp.,4,0
66,MK2_1_2,7/27/2000,,53,194331,8490921,,,AGD66,0.5,3,,,,,Eucalyptus tectifica,22,0
66,MK2_1_2,7/27/2000,,53,194331,8490921,,,AGD66,0.5,3,,,,,dead,0,4
66,MK2_1_2,7/27/2000,,53,194331,8490921,,,AGD66,0.5,3,,,,,Eucalyptus alba,3,0
67,MK2_2_2,7/27/2000,,53,194308,8490964,,,AGD66,0.5,3,,,,,Eucalyptus tectifica,37,0
67,MK2_2_2,7/27/2000,,53,194308,8490964,,,AGD66,0.5,3,,,,,Eucalyptus alba,26,0
67,MK2_2_2,7/27/2000,,53,194308,8490964,,,AGD66,0.5,3,,,,,Eucalyptus sp.,9,0
67,MK2_2_2,7/27/2000,,53,194308,8490964,,,AGD66,0.5,3,,,,,dead,0,5
67,MK2_2_2,7/27/2000,,53,194308,8490964,,,AGD66,0.5,3,,,,,E. chlorostachys,8,0
71,MK13_1_2,8/3/2000,,53,186112,8333672,,,AGD66,0.25,3,,,,,E. tetrodonta,46,0
71,MK13_1_2,8/3/2000,,53,186112,8333672,,,AGD66,0.25,3,,,,,Eucalyptus sp.,25,0
71,MK13_1_2,8/3/2000,,53,186112,8333672,,,AGD66,0.25,3,,,,,E. miniata,24,0
71,MK13_1_2,8/3/2000,,53,186112,8333672,,,AGD66,0.25,3,,,,,others,5,0
71,MK13_1_2,8/3/2000,,53,186112,8333672,,,AGD66,0.25,3,,,,,dead,0,2
72,MK13_2_2,8/3/2000,,53,186099,8333768,,,AGD66,0.25,3,,,,,E. tetrodonta,53,0
72,MK13_2_2,8/3/2000,,53,186099,8333768,,,AGD66,0.25,3,,,,,Eucalyptus sp.,8,0
72,MK13_2_2,8/3/2000,,53,186099,8333768,,,AGD66,0.25,3,,,,,Eucalyptus terminalis,20,0
72,MK13_2_2,8/3/2000,,53,186099,8333768,,,AGD66,0.25,3,,,,,dead,0,2
72,MK13_2_2,8/3/2000,,53,186099,8333768,,,AGD66,0.25,3,,,,,E. miniata,10,0
73,MK12_1_2,8/2/2000,,53,182589,8370303,,,AGD66,0.5,3,,,,,Eucalyptus tectifica,13,0
73,MK12_1_2,8/2/2000,,53,182589,8370303,,,AGD66,0.5,3,,,,,E. chlorostachys,26,0
73,MK12_1_2,8/2/2000,,53,182589,8370303,,,AGD66,0.5,3,,,,,others,19,0
73,MK12_1_2,8/2/2000,,53,182589,8370303,,,AGD66,0.5,3,,,,,dead,0,7
73,MK12_1_2,8/2/2000,,53,182589,8370303,,,AGD66,0.5,3,,,,,Eucalyptus sp.,2,0
74,MK12_2_2,8/2/2000,,53,182508,8370306,,,AGD66,0.5,3,,,,,E. chlorostachys,31,0
74,MK12_2_2,8/2/2000,,53,182508,8370306,,,AGD66,0.5,3,,,,,E. miniata,5,0
74,MK12_2_2,8/2/2000,,53,182508,8370306,,,AGD66,0.5,3,,,,,others,27,0
74,MK12_2_2,8/2/2000,,53,182508,8370306,,,AGD66,0.5,3,,,,,dead,0,9
74,MK12_2_2,8/2/2000,,53,182508,8370306,,,AGD66,0.5,3,,,,,Eucalyptus sp.,24,0
74,MK12_2_2,8/2/2000,,53,182508,8370306,,,AGD66,0.5,3,,,,,Eucalyptus tectifica,4,0
75,MK11_1_2,8/1/2000,,53,187893,8376983,,,AGD66,0.5,3,,,,,E. tetrodonta,34,0
75,MK11_1_2,8/1/2000,,53,187893,8376983,,,AGD66,0.5,3,,,,,Eucalyptus sp.,4,0
75,MK11_1_2,8/1/2000,,53,187893,8376983,,,AGD66,0.5,3,,,,,others,21,0
75,MK11_1_2,8/1/2000,,53,187893,8376983,,,AGD66,0.5,3,,,,,dead,0,7
75,MK11_1_2,8/1/2000,,53,187893,8376983,,,AGD66,0.5,3,,,,,E. chlorostachys,4,0
76,MK11_2_2,8/1/2000,,53,187826,8376943,,,AGD66,0.25,3,,,,,E. tetrodonta,33,0
76,MK11_2_2,8/1/2000,,53,187826,8376943,,,AGD66,0.25,3,,,,,Eucalyptus sp.,14,0
76,MK11_2_2,8/1/2000,,53,187826,8376943,,,AGD66,0.25,3,,,,,others,38,0
76,MK11_2_2,8/1/2000,,53,187826,8376943,,,AGD66,0.25,3,,,,,dead,0,8
76,MK11_2_2,8/1/2000,,53,187826,8376943,,,AGD66,0.25,3,,,,,E. chlorostachys,9,0
77,MK9_1_2,7/31/2000,,53,197557,8389457,,,AGD66,0.25,3,,,,,Eucalyptus sp.,21,0
77,MK9_1_2,7/31/2000,,53,197557,8389457,,,AGD66,0.25,3,,,,,Eucalyptus patellaris,92,0
77,MK9_1_2,7/31/2000,,53,197557,8389457,,,AGD66,0.25,3,,,,,others,17,0
77,MK9_1_2,7/31/2000,,53,197557,8389457,,,AGD66,0.25,3,,,,,dead,0,10
78,MK9_2_2,7/31/2000,,53,197275,8389470,,,AGD66,0.5,3,,,,,Eucalyptus patellaris,55,0
78,MK9_2_2,7/31/2000,,53,197275,8389470,,,AGD66,0.5,3,,,,,Eucalyptus sp.,34,0
78,MK9_2_2,7/31/2000,,53,197275,8389470,,,AGD66,0.5,3,,,,,others,18,0
78,MK9_2_2,7/31/2000,,53,197275,8389470,,,AGD66,0.5,3,,,,,dead,0,3
78,MK9_2_2,7/31/2000,,53,197275,8389470,,,AGD66,0.5,3,,,,,Eucalyptus bella,7,0
79,MK10_1_1,7/31/2000,,53,197394,8389331,,,AGD66,0.25,3,,,,,Terminalia sp.,45,0
79,MK10_1_1,7/31/2000,,53,197394,8389331,,,AGD66,0.25,3,,,,,Eucalyptus bella,42,0
79,MK10_1_1,7/31/2000,,53,197394,8389331,,,AGD66,0.25,3,,,,,others,105,
79,MK10_1_1,7/31/2000,,53,197394,8389331,,,AGD66,0.25,3,,,,,dead,0,1
80,MK8_1_2,7/30/2000,,53,180139,8433844,,,AGD66,0.25,3,,,,,Eucalyptus sp.,45,0
80,MK8_1_2,7/30/2000,,53,180139,8433844,,,AGD66,0.25,3,,,,,others,18,0
80,MK8_1_2,7/30/2000,,53,180139,8433844,,,AGD66,0.25,3,,,,,dead,0,9
81,MK8_2_2,7/30/2000,,53,180116,8434061,,,AGD66,0.25,3,,,,,Eucalyptus sp.,68,
81,MK8_2_2,7/30/2000,,53,180116,8434061,,,AGD66,0.25,3,,,,,others,23,
81,MK8_2_2,7/30/2000,,53,180116,8434061,,,AGD66,0.25,3,,,,,dead,0,14
81,MK8_2_2,7/30/2000,,53,180116,8434061,,,AGD66,0.25,3,,,,,Eucalyptus tintinnans,4,0
102,FA19_2_2,10/10/2000,,53,637892,8587680,,,AGD66,0.5,3,,,,,E. tetrodonta,70,0
102,FA19_2_2,10/10/2000,,53,637892,8587680,,,AGD66,0.5,3,,,,,E. miniata,25,0
102,FA19_2_2,10/10/2000,,53,637892,8587680,,,AGD66,0.5,3,,,,,others,28,0
102,FA19_2_2,10/10/2000,,53,637892,8587680,,,AGD66,0.5,3,,,,,dead,0,7
103,FA19_1_2,10/10/2000,,53,637794,8587639,,,AGD66,0.5,3,,,,,E. tetrodonta,37,0
103,FA19_1_2,10/10/2000,,53,637794,8587639,,,AGD66,0.5,3,,,,,E. miniata,18,0
103,FA19_1_2,10/10/2000,,53,637794,8587639,,,AGD66,0.5,3,,,,,others,16,0
103,FA19_1_2,10/10/2000,,53,637794,8587639,,,AGD66,0.5,3,,,,,dead,0,7
104,FA18_1_2,10/10/2000,,53,651058,8597972,,,AGD66,0.5,3,,,,,E. tetrodonta,54,0
104,FA18_1_2,10/10/2000,,53,651058,8597972,,,AGD66,0.5,3,,,,,E. miniata,32,0
104,FA18_1_2,10/10/2000,,53,651058,8597972,,,AGD66,0.5,3,,,,,E. chlorostachys,11,0
104,FA18_1_2,10/10/2000,,53,651058,8597972,,,AGD66,0.5,3,,,,,others,33,0
104,FA18_1_2,10/10/2000,,53,651058,8597972,,,AGD66,0.5,3,,,,,dead,0,14
105,FA18_2_2,10/10/2000,,53,651060,8597872,,,AGD66,0.5,3,,,,,E. tetrodonta,66,0
105,FA18_2_2,10/10/2000,,53,651060,8597872,,,AGD66,0.5,3,,,,,E. chlorostachys,17,0
105,FA18_2_2,10/10/2000,,53,651060,8597872,,,AGD66,0.5,3,,,,,Brachychiton diversifolius,1,0
105,FA18_2_2,10/10/2000,,53,651060,8597872,,,AGD66,0.5,3,,,,,others,15,0
105,FA18_2_2,10/10/2000,,53,651060,8597872,,,AGD66,0.5,3,,,,,dead,0,8
105,FA18_2_2,10/10/2000,,53,651060,8597872,,,AGD66,0.5,3,,,,,E. miniata,4,0
106,FA17_2_2,10/9/2000,,53,651224,8603189,,,AGD66,0.5,3,,,,,E. miniata,21,0
106,FA17_2_2,10/9/2000,,53,651224,8603189,,,AGD66,0.5,3,,,,,E. tetrodonta,59,0
106,FA17_2_2,10/9/2000,,53,651224,8603189,,,AGD66,0.5,3,,,,,others,33,0
106,FA17_2_2,10/9/2000,,53,651224,8603189,,,AGD66,0.5,3,,,,,dead,0,9
107,FA17_1_2,10/9/2000,,53,651206,8603096,,,AGD66,0.5,3,,,,,E. tetrodonta,42,0
107,FA17_1_2,10/9/2000,,53,651206,8603096,,,AGD66,0.5,3,,,,,E. miniata,35,0
107,FA17_1_2,10/9/2000,,53,651206,8603096,,,AGD66,0.5,3,,,,,others,18,0
107,FA17_1_2,10/9/2000,,53,651206,8603096,,,AGD66,0.5,3,,,,,dead,0,12
108,FA16_2_2,10/9/2000,,53,670469,8630419,,,AGD66,0.75,3,,,,,E. tetrodonta,96,0
108,FA16_2_2,10/9/2000,,53,670469,8630419,,,AGD66,0.75,3,,,,,others,10,0
108,FA16_2_2,10/9/2000,,53,670469,8630419,,,AGD66,0.75,3,,,,,dead,0,10
109,FA16_1_2,10/9/2000,,53,670553,8630385,,,AGD66,0.75,3,,,,,E. tetrodonta,102,0
109,FA16_1_2,10/9/2000,,53,670553,8630385,,,AGD66,0.75,3,,,,,others,12,0
109,FA16_1_2,10/9/2000,,53,670553,8630385,,,AGD66,0.75,3,,,,,dead,0,7
110,FA15_1_2,10/8/2000,,53,599671,8591201,,,AGD66,0.5,3,,,,,E. tetrodonta,50,0
110,FA15_1_2,10/8/2000,,53,599671,8591201,,,AGD66,0.5,3,,,,,E. miniata,27,0
110,FA15_1_2,10/8/2000,,53,599671,8591201,,,AGD66,0.5,3,,,,,dead,0,10
110,FA15_1_2,10/8/2000,,53,599671,8591201,,,AGD66,0.5,3,,,,,others,3,0
111,FA15_2_2,10/8/2000,,53,599566,8591196,,,AGD66,0.5,3,,,,,E. tetrodonta,42,0
111,FA15_2_2,10/8/2000,,53,599566,8591196,,,AGD66,0.5,3,,,,,E. miniata,35,0
111,FA15_2_2,10/8/2000,,53,599566,8591196,,,AGD66,0.5,3,,,,,others,3,0
111,FA15_2_2,10/8/2000,,53,599566,8591196,,,AGD66,0.5,3,,,,,dead,0,7
112,FA14_2_2,10/7/2000,,53,586639,8597752,,,AGD66,0.5,3,,,,,E. tetrodonta,25,0
112,FA14_2_2,10/7/2000,,53,586639,8597752,,,AGD66,0.5,3,,,,,E. miniata,49,0
112,FA14_2_2,10/7/2000,,53,586639,8597752,,,AGD66,0.5,3,,,,,others,4,0
112,FA14_2_2,10/7/2000,,53,586639,8597752,,,AGD66,0.5,3,,,,,dead,0,16
113,FA14_1_2,10/7/2000,,53,586686,8597835,,,AGD66,0.5,3,,,,,E. miniata,52,0
113,FA14_1_2,10/7/2000,,53,586686,8597835,,,AGD66,0.5,3,,,,,E. tetrodonta,34,0
113,FA14_1_2,10/7/2000,,53,586686,8597835,,,AGD66,0.5,3,,,,,others,3,0
113,FA14_1_2,10/7/2000,,53,586686,8597835,,,AGD66,0.5,3,,,,,dead,0,14
114,FA13_2_2,10/7/2000,,53,587418,8603663,,,AGD66,0.5,3,,,,,E. tetrodonta,38,0
114,FA13_2_2,10/7/2000,,53,587418,8603663,,,AGD66,0.5,3,,,,,E. miniata,15,0
114,FA13_2_2,10/7/2000,,53,587418,8603663,,,AGD66,0.5,3,,,,,others,4,0
114,FA13_2_2,10/7/2000,,53,587418,8603663,,,AGD66,0.5,3,,,,,dead,0,5
115,FA13_1_2,10/7/2000,,53,587420,8603582,,,AGD66,0.5,3,,,,,E. miniata,17,0
115,FA13_1_2,10/7/2000,,53,587420,8603582,,,AGD66,0.5,3,,,,,E. tetrodonta,29,0
115,FA13_1_2,10/7/2000,,53,587420,8603582,,,AGD66,0.5,3,,,,,dead,0,5
116,FA12_2_2,10/6/2000,,53,580942,8594615,,,AGD66,0.5,3,,,,,E. tetrodonta,53,0
116,FA12_2_2,10/6/2000,,53,580942,8594615,,,AGD66,0.5,3,,,,,E. miniata,56,0
116,FA12_2_2,10/6/2000,,53,580942,8594615,,,AGD66,0.5,3,,,,,others,2,0
116,FA12_2_2,10/6/2000,,53,580942,8594615,,,AGD66,0.5,3,,,,,dead,0,9
117,FA12_1_2,10/6/2000,,53,580843,8594614,,,AGD66,0.5,3,,,,,E. tetrodonta,58,0
117,FA12_1_2,10/6/2000,,53,580843,8594614,,,AGD66,0.5,3,,,,,E. miniata,30,0
117,FA12_1_2,10/6/2000,,53,580843,8594614,,,AGD66,0.5,3,,,,,others,10,0
117,FA12_1_2,10/6/2000,,53,580843,8594614,,,AGD66,0.5,3,,,,,dead,0,14
118,FA11_1_2,10/6/2000,,53,575082,8596934,,,AGD66,0.5,3,,,,,E. miniata,27,0
118,FA11_1_2,10/6/2000,,53,575082,8596934,,,AGD66,0.5,3,,,,,E. tetrodonta,31,9
118,FA11_1_2,10/6/2000,,53,575082,8596934,,,AGD66,0.5,3,,,,,others,4,0
118,FA11_1_2,10/6/2000,,53,575082,8596934,,,AGD66,0.5,3,,,,,dead,0,6
119,FA11_2_2,10/6/2000,,53,574981,8596933,,,AGD66,0.5,3,,,,,E. tetrodonta,29,0
119,FA11_2_2,10/6/2000,,53,574981,8596933,,,AGD66,0.5,3,,,,,E. miniata,30,0
119,FA11_2_2,10/6/2000,,53,574981,8596933,,,AGD66,0.5,3,,,,,others,7,0
119,FA11_2_2,10/6/2000,,53,574981,8596933,,,AGD66,0.5,3,,,,,dead,0,5
120,FA10_2_2,10/5/2000,,53,481309,8582848,,,AGD66,0.5,3,,,,,E. tetrodonta,49,0
120,FA10_2_2,10/5/2000,,53,481309,8582848,,,AGD66,0.5,3,,,,,E. miniata,46,
120,FA10_2_2,10/5/2000,,53,481309,8582848,,,AGD66,0.5,3,,,,,Corymbia bleeseri,7,0
120,FA10_2_2,10/5/2000,,53,481309,8582848,,,AGD66,0.5,3,,,,,dead,0,9
120,FA10_2_2,10/5/2000,,53,481309,8582848,,,AGD66,0.5,3,,,,,others,5,0
121,FA10_1_2,10/5/2000,,53,481321,8582941,,,AGD66,0.5,3,,,,,E. miniata,48,0
121,FA10_1_2,10/5/2000,,53,481321,8582941,,,AGD66,0.5,3,,,,,Corymbia bleeseri,23,0
121,FA10_1_2,10/5/2000,,53,481321,8582941,,,AGD66,0.5,3,,,,,E. tetrodonta,53,0
121,FA10_1_2,10/5/2000,,53,481321,8582941,,,AGD66,0.5,3,,,,,others,8,0
121,FA10_1_2,10/5/2000,,53,481321,8582941,,,AGD66,0.5,3,,,,,dead,0,2
122,FA1_2_2,9/27/2000,,53,301663,8681905,,,AGD66,0.75,3,,,,,E. tetrodonta,114,0
122,FA1_2_2,9/27/2000,,53,301663,8681905,,,AGD66,0.75,3,,,,,others,33,0
122,FA1_2_2,9/27/2000,,53,301663,8681905,,,AGD66,0.75,3,,,,,dead,0,31
123,FA1_1_2,9/27/2000,,53,301642,8682001,,,AGD66,0.75,3,,,,,E. tetrodonta,82,0
123,FA1_1_2,9/27/2000,,53,301642,8682001,,,AGD66,0.75,3,,,,,others,67,0
123,FA1_1_2,9/27/2000,,53,301642,8682001,,,AGD66,0.75,3,,,,,dead,0,13
123,FA1_1_2,9/27/2000,,53,301642,8682001,,,AGD66,0.75,3,,,,,E. miniata,41,0
124,FA2_2_2,9/27/2000,,53,290256,8716411,,,AGD66,0.75,3,,,,,E. tetrodonta,51,0
124,FA2_2_2,9/27/2000,,53,290256,8716411,,,AGD66,0.75,3,,,,,E. miniata,25,0
124,FA2_2_2,9/28/2000,,53,290256,8716411,,,AGD66,0.75,3,,,,,others,13,0
124,FA2_2_2,9/29/2000,,53,290256,8716411,,,AGD66,0.75,3,,,,,dead,0,2
125,FA2_1_2,9/27/2000,,53,290322,8716412,,,AGD66,0.75,3,,,,,E. tetrodonta,60,0
125,FA2_1_2,9/27/2000,,53,290322,8716412,,,AGD66,0.75,3,,,,,E. miniata,16,0
125,FA2_1_2,9/27/2000,,53,290322,8716412,,,AGD66,0.75,3,,,,,others,10,0
125,FA2_1_2,9/27/2000,,53,290322,8716412,,,AGD66,0.75,3,,,,,dead,0,7
125,FA2_1_2,9/27/2000,,53,290322,8716412,,,AGD66,0.75,3,,,,,Corymbia sp.,10,0
126,FA3_2_2,9/28/2000,,53,303836,8672386,,,AGD66,0.75,3,,,,,E. miniata,21,0
126,FA3_2_2,9/28/2000,,53,303836,8672386,,,AGD66,0.75,3,,,,,E. tetrodonta,20,0
126,FA3_2_2,9/28/2000,,53,303836,8672386,,,AGD66,0.75,3,,,,,Corymbia sp.,13,0
126,FA3_2_2,9/28/2000,,53,303836,8672386,,,AGD66,0.75,3,,,,,others,11,0
126,FA3_2_2,9/28/2000,,53,303836,8672386,,,AGD66,0.75,3,,,,,dead,0,11
127,FA3_1_2,9/28/2000,,53,303794,8672484,,,AGD66,0.75,3,,,,,E. tetrodonta,21,0
127,FA3_1_2,9/28/2000,,53,303794,8672484,,,AGD66,0.75,3,,,,,E. miniata,23,0
127,FA3_1_2,9/28/2000,,53,303794,8672484,,,AGD66,0.75,3,,,,,Corymbia sp.,10,0
127,FA3_1_2,9/28/2000,,53,303794,8672484,,,AGD66,0.75,3,,,,,others,10,0
127,FA3_1_2,9/28/2000,,53,303794,8672484,,,AGD66,0.75,3,,,,,dead,0,9
128,FA4_2_2,9/28/2000,,53,335149,8653336,,,AGD66,0.5,3,,,,,E. tetrodonta,85,0
128,FA4_2_2,9/28/2000,,53,335149,8653336,,,AGD66,0.5,3,,,,,E. miniata,46,0
128,FA4_2_2,9/28/2000,,53,335149,8653336,,,AGD66,0.5,3,,,,,others,14,0
128,FA4_2_2,9/28/2000,,53,335149,8653336,,,AGD66,0.5,3,,,,,dead,0,13
129,FA4_1_2,9/28/2000,,53,335220,8652335,,,AGD66,0.5,3,,,,,E. tetrodonta,78,0
129,FA4_1_2,9/28/2000,,53,335220,8652335,,,AGD66,0.5,3,,,,,E. miniata,21,0
129,FA4_1_2,9/28/2000,,53,335220,8652335,,,AGD66,0.5,3,,,,,others,11,0
129,FA4_1_2,9/28/2000,,53,335220,8652335,,,AGD66,0.5,3,,,,,dead,0,15
129,FA4_1_2,9/28/2000,,53,335220,8652335,,,AGD66,0.5,3,,,,,Corymbia sp.,4,0
130,FA5_2_2,9/29/2000,,53,387598,8653672,,,AGD66,0.75,3,,,,,E. tetrodonta,59,0
130,FA5_2_2,9/29/2000,,53,387598,8653672,,,AGD66,0.75,3,,,,,E. miniata,49,0
130,FA5_2_2,9/29/2000,,53,387598,8653672,,,AGD66,0.75,3,,,,,others,14,0
130,FA5_2_2,9/29/2000,,53,387598,8653672,,,AGD66,0.75,3,,,,,dead,0,18
131,FA5_1_2,9/29/2000,,53,387517,8653701,,,AGD66,0.75,3,,,,,E. tetrodonta,70,0
131,FA5_1_2,9/29/2000,,53,387517,8653701,,,AGD66,0.75,3,,,,,E. miniata,45,0
131,FA5_1_2,9/29/2000,,53,387517,8653701,,,AGD66,0.75,3,,,,,others,17,0
131,FA5_1_2,9/29/2000,,53,387517,8653701,,,AGD66,0.75,3,,,,,dead,0,8
132,FA6_2_2,9/29/2000,,53,409819,8632962,,,AGD66,0.75,3,,,,,E. tetrodonta,49,0
132,FA6_2_2,9/29/2000,,53,409819,8632962,,,AGD66,0.75,3,,,,,E. miniata,12,0
132,FA6_2_2,9/29/2000,,53,409819,8632962,,,AGD66,0.75,3,,,,,others,11,0
132,FA6_2_2,9/29/2000,,53,409819,8632962,,,AGD66,0.75,3,,,,,dead,0,5
133,FA6_1_2,9/29/2000,,53,409741,8632921,,,AGD66,0.75,3,,,,,E. miniata,38,0
133,FA6_1_2,9/29/2000,,53,409741,8632921,,,AGD66,0.75,3,,,,,E. tetrodonta,43,0
133,FA6_1_2,9/29/2000,,53,409741,8632921,,,AGD66,0.75,3,,,,,others,6,0
133,FA6_1_2,9/29/2000,,53,409741,8632921,,,AGD66,0.75,3,,,,,dead,0,10
134,FA8_2_2,10/3/2000,,53,431162,8635678,,,AGD66,0.5,3,,,,,E. miniata,50,0
134,FA8_2_2,10/3/2000,,53,431162,8635678,,,AGD66,0.5,3,,,,,E. tetrodonta,37,0
134,FA8_2_2,10/3/2000,,53,431162,8635678,,,AGD66,0.5,3,,,,,others,7,0
134,FA8_2_2,10/3/2000,,53,431162,8635678,,,AGD66,0.5,3,,,,,dead,0,6
134,FA8_2_2,10/3/2000,,53,431162,8635678,,,AGD66,0.5,3,,,,,Corymbia bleeseri,20,0
135,FA8_1_2,10/3/2000,,53,431082,8635661,,,AGD66,0.5,3,,,,,E. tetrodonta,48,0
135,FA8_1_2,10/3/2000,,53,431082,8635661,,,AGD66,0.5,3,,,,,E. miniata,46,0
135,FA8_1_2,10/3/2000,,53,431082,8635661,,,AGD66,0.5,3,,,,,Corymbia bleeseri,17,0
135,FA8_1_2,10/3/2000,,53,431082,8635661,,,AGD66,0.5,3,,,,,others,16,0
135,FA8_1_2,10/3/2000,,53,431082,8635661,,,AGD66,0.5,3,,,,,dead,0,7
136,FA7_2_2,10/3/2000,,53,427518,8612511,,,AGD66,0.75,3,,,,,E. tetrodonta,33,0
136,FA7_2_2,10/3/2000,,53,427518,8612511,,,AGD66,0.75,3,,,,,Corymbia bleeseri,8,0
136,FA7_2_2,10/3/2000,,53,427518,8612511,,,AGD66,0.75,3,,,,,others,4,0
136,FA7_2_2,10/3/2000,,53,427518,8612511,,,AGD66,0.75,3,,,,,dead,0,4
136,FA7_2_2,10/3/2000,,53,427518,8612511,,,AGD66,0.75,3,,,,,E. miniata,5,0
137,FA7_1_2,10/3/2000,,53,427432,8612446,,,AGD66,0.75,3,,,,,E. miniata,18,0
137,FA7_1_2,10/3/2000,,53,427432,8612446,,,AGD66,0.75,3,,,,,E. tetrodonta,19,0
137,FA7_1_2,10/3/2000,,53,427432,8612446,,,AGD66,0.75,3,,,,,Corymbia bleeseri,14,0
137,FA7_1_2,10/3/2000,,53,427432,8612446,,,AGD66,0.75,3,,,,,dead,0,6
137,FA7_1_2,10/3/2000,,53,427432,8612446,,,AGD66,0.75,3,,,,,others,2,0
138,FA9_1_2,10/4/2000,,53,444914,8638093,,,AGD66,0.75,3,,,,,E. tetrodonta,41,0
138,FA9_1_2,10/4/2000,,53,444914,8638093,,,AGD66,0.75,3,,,,,E. miniata,13,0
138,FA9_1_2,10/4/2000,,53,444914,8638093,,,AGD66,0.75,3,,,,,others,2,0
138,FA9_1_2,10/4/2000,,53,444914,8638093,,,AGD66,0.75,3,,,,,dead,0,19
138,FA9_1_2,10/4/2000,,53,444914,8638093,,,AGD66,0.75,3,,,,,Callitris intratropica ,4,0
139,FA9_2_2,10/4/2000,,53,445017,8638075,,,AGD66,0.75,3,,,,,E. tetrodonta,49,0
139,FA9_2_2,10/4/2000,,53,445017,8638075,,,AGD66,0.75,3,,,,,Callitris intratropica ,6,0
139,FA9_2_2,10/4/2000,,53,445017,8638075,,,AGD66,0.75,3,,,,,others,6,0
139,FA9_2_2,10/4/2000,,53,445017,8638075,,,AGD66,0.75,3,,,,,dead,0,9
139,FA9_2_2,10/4/2000,,53,445017,8638075,,,AGD66,0.75,3,,,,,E. miniata,4,0
140,WS2_2_2,2/22/2001,,53,184129,8580524,,,AGD66,0.5,3,,,,,E. miniata,29,0
140,WS2_2_2,2/22/2001,,53,184129,8580524,,,AGD66,0.5,3,,,,,E. tetrodonta,8,0
140,WS2_2_2,2/22/2001,,53,184129,8580524,,,AGD66,0.5,3,,,,,E. chlorostachys,3,0
140,WS2_2_2,2/22/2001,,53,184129,8580524,,,AGD66,0.5,3,,,,,Eucalyptus sp.,4,0
140,WS2_2_2,2/22/2001,,53,184129,8580524,,,AGD66,0.5,3,,,,,others,4,0
140,WS2_2_2,2/22/2001,,53,184129,8580524,,,AGD66,0.5,3,,,,,dead,0,7
141,WS2_1_2,2/22/2001,,53,184227,8580489,,,AGD66,0.5,3,,,,,E. miniata,32,0
141,WS2_1_2,2/22/2001,,53,184227,8580489,,,AGD66,0.5,3,,,,,E. tetrodonta,11,0
141,WS2_1_2,2/22/2001,,53,184227,8580489,,,AGD66,0.5,3,,,,,E. chlorostachys,4,0
141,WS2_1_2,2/22/2001,,53,184227,8580489,,,AGD66,0.5,3,,,,,dead,0,5
142,WS1_1_2,2/22/2001,,53,207387,8589624,,,AGD66,0.5,3,,,,,E. miniata,29,0
142,WS1_1_2,2/22/2001,,53,207387,8589624,,,AGD66,0.5,3,,,,,E. tetrodonta,18,0
142,WS1_1_2,2/22/2001,,53,207387,8589624,,,AGD66,0.5,3,,,,,Eucalyptus sp.,5,0
142,WS1_1_2,2/22/2001,,53,207387,8589624,,,AGD66,0.5,3,,,,,others,9,0
142,WS1_1_2,2/22/2001,,53,207387,8589624,,,AGD66,0.5,3,,,,,dead,0,5
142,WS1_1_2,2/22/2001,,53,207387,8589624,,,AGD66,0.5,3,,,,,E. chlorostachys,2,0
143,WS1_2_2,2/22/2001,,53,207282,8589717,,,AGD66,0.5,3,,,,,E. tetrodonta,23,0
143,WS1_2_2,2/22/2001,,53,207282,8589717,,,AGD66,0.5,3,,,,,E. miniata,26,0
143,WS1_2_2,2/22/2001,,53,207282,8589717,,,AGD66,0.5,3,,,,,Eucalyptus sp.,7,0
143,WS1_2_2,2/22/2001,,53,207282,8589717,,,AGD66,0.5,3,,,,,others,6,0
143,WS1_2_2,2/22/2001,,53,207282,8589717,,,AGD66,0.5,3,,,,,dead,0,6
144,BW9_2_2,11/1/2000,,53,727996,8139658,,,AGD66,0.25,3,,,,,Eucalyptus leucophloia,77,0
144,BW9_2_2,11/1/2000,,53,727996,8139658,,,AGD66,0.25,3,,,,,others,13,0
144,BW9_2_2,11/1/2000,,53,727996,8139658,,,AGD66,0.25,3,,,,,dead,0,20
145,BW9_1_2,11/1/2000,,53,727936,8139741,,,AGD66,0.25,3,,,,,Eucalyptus leucophloia,84,0
145,BW9_1_2,11/1/2000,,53,727936,8139741,,,AGD66,0.25,3,,,,,others,13,0
145,BW9_1_2,11/1/2000,,53,727936,8139741,,,AGD66,0.25,3,,,,,dead,0,25
146,BW6_2_2,10/31/2000,,53,583105,8160794,,,AGD66,0.25,3,,,,,Eucalyptus microtheca,15,0
146,BW6_2_2,10/31/2000,,53,583105,8160794,,,AGD66,0.25,3,,,,,Atalaya hemiglauca,14,0
146,BW6_2_2,10/31/2000,,53,583105,8160794,,,AGD66,0.25,3,,,,,Lysiphyllum cunninghamii,16,0
146,BW6_2_2,10/31/2000,,53,583105,8160794,,,AGD66,0.25,3,,,,,others,2,0
146,BW6_2_2,10/31/2000,,53,583105,8160794,,,AGD66,0.25,3,,,,,dead,0,2
147,BW6_1_2,10/31/2000,,53,583818,8160822,,,AGD66,0.25,3,,,,,Eucalyptus microtheca,27,0
147,BW6_1_2,10/31/2000,,53,583818,8160822,,,AGD66,0.25,3,,,,,Excoecaria parvifolia,36,0
147,BW6_1_2,10/31/2000,,53,583818,8160822,,,AGD66,0.25,3,,,,,dead,0,10
147,BW6_1_2,10/31/2000,,53,583818,8160822,,,AGD66,0.25,3,,,,,Lysiphyllum cunninghamii,10,0
147,BW6_1_2,10/31/2000,,53,583818,8160822,,,AGD66,0.25,3,,,,,others,3,0
148,BW5_2_2,10/30/2000,,53,413430,8181359,,,AGD66,0.25,3,,,,,Acacia shirleyi,7,0
148,BW5_2_2,10/30/2000,,53,413430,8181359,,,AGD66,0.25,3,,,,,Lysiphyllum cunninghamii,9,0
148,BW5_2_2,10/30/2000,,53,413430,8181359,,,AGD66,0.25,3,,,,,Hakea arborescens,4,0
148,BW5_2_2,10/30/2000,,53,413430,8181359,,,AGD66,0.25,3,,,,,others,43,0
148,BW5_2_2,10/30/2000,,53,413430,8181359,,,AGD66,0.25,3,,,,,dead,0,16
148,BW5_2_2,10/30/2000,,53,413430,8181359,,,AGD66,0.25,3,,,,,P. pubescens,5,0
148,BW5_2_2,10/30/2000,,53,413430,8181359,,,AGD66,0.25,3,,,,,Corymbia dichromphloia,3,0
149,BW5_1_2,10/30/2000,,53,413306,8181295,,,AGD66,0.25,3,,,,,Corymbia dichromphloia,11,0
149,BW5_1_2,10/30/2000,,53,413306,8181295,,,AGD66,0.25,3,,,,,others,33,0
149,BW5_1_2,10/30/2000,,53,413306,8181295,,,AGD66,0.25,3,,,,,dead,0,13
149,BW5_1_2,10/30/2000,,53,413306,8181295,,,AGD66,0.25,3,,,,,P. pubescens,14,0
150,BW4_1_1,10/29/2000,,53,371280,8195054,,,AGD66,0.75,3,,,,,Acacia shirleyi,92,0
150,BW4_1_1,10/29/2000,,53,371280,8195054,,,AGD66,0.75,3,,,,,dead,15,0
150,BW4_1_1,10/29/2000,,53,371280,8195054,,,AGD66,0.75,3,,,,,others,8,0
151,BW2_1_2,10/28/2000,,53,277864,8360203,,,AGD66,0.5,3,,,,,Corymbia dichromphloia,7,0
151,BW2_1_2,10/28/2000,,53,277864,8360203,,,AGD66,0.5,3,,,,,E. chlorostachys,17,0
151,BW2_1_2,10/28/2000,,53,277864,8360203,,,AGD66,0.5,3,,,,,E. miniata,10,0
151,BW2_1_2,10/28/2000,,53,277864,8360203,,,AGD66,0.5,3,,,,,others,13,0
151,BW2_1_2,10/28/2000,,53,277864,8360203,,,AGD66,0.5,3,,,,,dead,0,8
151,BW2_1_2,10/28/2000,,53,277864,8360203,,,AGD66,0.5,3,,,,,Corymbia ferruginea,10,0
152,BW3_1_2,10/29/2000,,53,329757,8244115,,,AGD66,0.25,3,,,,,Eucalyptus patellaris,33,0
152,BW3_1_2,10/29/2000,,53,329757,8244115,,,AGD66,0.25,3,,,,,Corymbia sp.,4,0
152,BW3_1_2,10/29/2000,,53,329757,8244115,,,AGD66,0.25,3,,,,,others,12,0
152,BW3_1_2,10/29/2000,,53,329757,8244115,,,AGD66,0.25,3,,,,,dead,0,3
152,BW3_1_2,10/29/2000,,53,329757,8244115,,,AGD66,0.25,3,,,,,Corymbia terminalis,4,0
152,BW3_1_2,10/29/2000,,53,329757,8244115,,,AGD66,0.25,3,,,,,E. chlorostachys,3,0
153,BW1_1_2,10/27/2000,,53,243256,8380236,,,AGD66,0.25,3,,,,,Corymbia dichromphloia,35,0
153,BW1_1_2,10/27/2000,,53,243256,8380236,,,AGD66,0.25,3,,,,,E. chlorostachys,21,0
153,BW1_1_2,10/27/2000,,53,243256,8380236,,,AGD66,0.25,3,,,,,E. tetrodonta,28,0
153,BW1_1_2,10/27/2000,,53,243256,8380236,,,AGD66,0.25,3,,,,,others,9,0
153,BW1_1_2,10/27/2000,,53,243256,8380236,,,AGD66,0.25,3,,,,,dead,0,10
154,BW1_2_2,10/27/2000,,53,243159,8380178,,,AGD66,0.25,3,,,,,E. tetrodonta,24,0
154,BW1_2_2,10/27/2000,,53,243159,8380178,,,AGD66,0.25,3,,,,,Corymbia dichromphloia,37,0
154,BW1_2_2,10/27/2000,,53,243159,8380178,,,AGD66,0.25,3,,,,,others,84,0
154,BW1_2_2,10/27/2000,,53,243159,8380178,,,AGD66,0.25,3,,,,,dead,0,14
154,BW1_2_2,10/27/2000,,53,243159,8380178,,,AGD66,0.25,3,,,,,E. chlorostachys,7,0
155,BW8_2_2,11/1/2000,,53,744216,8131856,,,AGD66,0.25,3,,,,,Corymbia dichromphloia,43,0
155,BW8_2_2,11/1/2000,,53,744216,8131856,,,AGD66,0.25,3,,,,,Corymbia ferruginea,8,0
155,BW8_2_2,11/1/2000,,53,744216,8131856,,,AGD66,0.25,3,,,,,others,22,0
155,BW8_2_2,11/1/2000,,53,744216,8131856,,,AGD66,0.25,3,,,,,dead,0,11
156,BW8_1_2,11/1/2000,,53,744228,8131752,,,AGD66,0.25,3,,,,,Corymbia dichromphloia,43,0
156,BW8_1_2,11/1/2000,,53,744228,8131752,,,AGD66,0.25,3,,,,,E. tetrodonta,14,0
156,BW8_1_2,11/1/2000,,53,744228,8131752,,,AGD66,0.25,3,,,,,others,12,0
156,BW8_1_2,11/1/2000,,53,744228,8131752,,,AGD66,0.25,3,,,,,dead,0,10
157,BW7_2_2,11/1/2000,,53,773945,8103922,,,AGD66,0.25,3,,,,,E. chlorostachys,43,0
157,BW7_2_2,11/1/2000,,53,773945,8103922,,,AGD66,0.25,3,,,,,Corymbia terminalis,7,0
157,BW7_2_2,11/1/2000,,53,773945,8103922,,,AGD66,0.25,3,,,,,others,22,0
157,BW7_2_2,11/1/2000,,53,773945,8103922,,,AGD66,0.25,3,,,,,dead,0,4
158,BW2_2_2,10/28/2000,,53,277875,8360080,,,AGD66,0.5,3,,,,,E. miniata,26,0
158,BW2_2_2,10/28/2000,,53,277875,8360080,,,AGD66,0.5,3,,,,,Corymbia dichromphloia,14,0
158,BW2_2_2,10/28/2000,,53,277875,8360080,,,AGD66,0.5,3,,,,,E. chlorostachys,11,0
158,BW2_2_2,10/28/2000,,53,277875,8360080,,,AGD66,0.5,3,,,,,others,13,0
158,BW2_2_2,10/28/2000,,53,277875,8360080,,,AGD66,0.5,3,,,,,dead,0,5
159,BW7_1_2,11/1/2000,,53,773856,8103919,,,AGD66,0.25,3,,,,,E. chlorostachys,48,0
159,BW7_1_2,11/1/2000,,53,773856,8103919,,,AGD66,0.25,3,,,,,others,11,0
159,BW7_1_2,11/1/2000,,53,773856,8103919,,,AGD66,0.25,3,,,,,dead,0,5
159,BW7_1_2,11/1/2000,,53,773856,8103919,,,AGD66,0.25,3,,,,,Corymbia terminalis,5,0
159,BW7_1_2,11/1/2000,,53,773856,8103919,,,AGD66,0.25,3,,,,,Brachychiton diversifolius,3,0
160,BW3_2_2,10/29/2000,,53,329759,8244110,,,AGD66,0.25,3,,,,,Eucalyptus patellaris,31,0
160,BW3_2_2,10/29/2000,,53,329759,8244110,,,AGD66,0.25,3,,,,,Corymbia sp.,12,0
160,BW3_2_2,10/29/2000,,53,329759,8244110,,,AGD66,0.25,3,,,,,others,21,0
160,BW3_2_2,10/29/2000,,53,329759,8244110,,,AGD66,0.25,3,,,,,dead,0,2
160,BW3_2_2,10/29/2000,,53,329759,8244110,,,AGD66,0.25,3,,,,,E. chlorostachys,7,0
161,BW10_2_2,11/2/2000,,53,669572,8219292,,,AGD66,0.5,3,,,,,E. tetrodonta,41,0
161,BW10_2_2,11/2/2000,,53,669572,8219292,,,AGD66,0.5,3,,,,,others,15,0
161,BW10_2_2,11/2/2000,,53,669572,8219292,,,AGD66,0.5,3,,,,,dead,0,13
162,BW10_1_2,11/2/2000,,53,669679,8219270,,,AGD66,0.5,3,,,,,E. tetrodonta,62,0
162,BW10_1_2,11/2/2000,,53,669679,8219270,,,AGD66,0.5,3,,,,,others,11,0
162,BW10_1_2,11/2/2000,,53,669679,8219270,,,AGD66,0.5,3,,,,,dead,0,8
163,BW11_1_1,11/4/2000,,53,547502,8278988,,,AGD66,0.25,3,,,,,Eucalyptus tectifica,37,0
163,BW11_1_1,11/4/2000,,53,547502,8278988,,,AGD66,0.25,3,,,,,others,50,0
163,BW11_1_1,11/4/2000,,53,547502,8278988,,,AGD66,0.25,3,,,,,dead,0,15
163,BW11_1_1,11/4/2000,,53,547502,8278988,,,AGD66,0.25,3,,,,,Corymbia terminalis,22,0
163,BW11_1_1,11/4/2000,,53,547502,8278988,,,AGD66,0.25,3,,,,,E. chlorostachys,13,0
164,BW12_1_1,11/4/2000,,53,546603,8278113,,,AGD66,0.25,3,,,,,Eucalyptus tectifica,17,0
164,BW12_1_1,11/4/2000,,53,546603,8278113,,,AGD66,0.25,3,,,,,Lysiphyllum cunninghamii,2,0
164,BW12_1_1,11/4/2000,,53,546603,8278113,,,AGD66,0.25,3,,,,,Buchanania obovata,3,0
164,BW12_1_1,11/4/2000,,53,546603,8278113,,,AGD66,0.25,3,,,,,others,60,0
164,BW12_1_1,11/4/2000,,53,546603,8278113,,,AGD66,0.25,3,,,,,dead,0,14
164,BW12_1_1,11/4/2000,,53,546603,8278113,,,AGD66,0.25,3,,,,,Corymbia sp.,23,0
164,BW12_1_1,11/4/2000,,53,546603,8278113,,,AGD66,0.25,3,,,,,Corymbia confertiflora,4,0
164,BW12_1_1,11/4/2000,,53,546603,8278113,,,AGD66,0.25,3,,,,,Corymbia foelscheana,14,0
164,BW12_1_1,11/4/2000,,53,546603,8278113,,,AGD66,0.25,3,,,,,E. chlorostachys,10,0
165,BW13_2_2,11/5/2000,,53,503842,8351600,,,AGD66,0.5,3,,,,,Acacia shirleyi,141,0
165,BW13_2_2,11/5/2000,,53,503842,8351600,,,AGD66,0.5,3,,,,,dead,0,48
165,BW13_2_2,11/5/2000,,53,503842,8351600,,,AGD66,0.5,3,,,,,others,1,0
166,BW13_1_2,11/5/2000,,53,503766,8351579,,,AGD66,0.5,3,,,,,Acacia shirleyi,138,0
166,BW13_1_2,11/5/2000,,53,503766,8351579,,,AGD66,0.5,3,,,,,others,24,0
166,BW13_1_2,11/5/2000,,53,503766,8351579,,,AGD66,0.5,3,,,,,dead,0,36
167,BW14_2_2,11/5/2000,,53,531402,8322648,,,AGD66,0.5,3,,,,,E. tetrodonta,73,0
167,BW14_2_2,11/5/2000,,53,531402,8322648,,,AGD66,0.5,3,,,,,E. miniata,48,0
167,BW14_2_2,11/5/2000,,53,531402,8322648,,,AGD66,0.5,3,,,,,others,2,0
167,BW14_2_2,11/5/2000,,53,531402,8322648,,,AGD66,0.5,3,,,,,dead,0,10
168,BW14_1_2,11/5/2000,,53,531495,8322640,,,AGD66,0.25,3,,,,,E. tetrodonta,94,0
168,BW14_1_2,11/5/2000,,53,531495,8322640,,,AGD66,0.25,3,,,,,E. miniata,44,0
168,BW14_1_2,11/5/2000,,53,531495,8322640,,,AGD66,0.25,3,,,,,others,11,0
168,BW14_1_2,11/5/2000,,53,531495,8322640,,,AGD66,0.25,3,,,,,dead,0,7
