<?xml version="1.0" encoding="UTF-8"?>
<metadata xml:lang="en"><Esri><CreaDate>20220526</CreaDate><CreaTime>15564500</CreaTime><ArcGISFormat>1.0</ArcGISFormat><SyncOnce>TRUE</SyncOnce><DataProperties><lineage><Process ToolSource="c:\program files\arcgis\pro\Resources\ArcToolbox\toolboxes\Data Management Tools.tbx\JoinField" Date="20220526" Time="155645">JoinField combo9 AUS_FOR18 aus_for18_aus_for18 VALUE FOREST</Process><Process ToolSource="c:\program files\arcgis\pro\Resources\ArcToolbox\toolboxes\Data Management Tools.tbx\JoinField" Date="20220526" Time="160104">JoinField combo9 COMBO8 combo7 VALUE ANU;AUS_FOR18.FOR_CO;COMBO;COMBO4;COMBO5;COUNT;COVER;FOR_ALB_20_2;GA_DEA;HT_NT_INT2;ILLUSTRATION;L6_SUB_AS1;MAP;MAP_2022;MLE;MLE_ASSESS;MLE2;MVS_NAME2;NCAS;NFI;NT_ANU20;NT_COMBO_201;NT_COV_FOR3;NT_GA_MANG2;NT_NVIS3;REVISION;VALUE;WFC_NT_100</Process><Process ToolSource="c:\program files (x86)\arcgis\desktop10.6\ArcToolbox\Toolboxes\Data Management Tools.tbx\CalculateField" Date="20220526" Time="161115">CalculateField combo9 REVISION "Non-forest" VB #</Process><Process ToolSource="c:\program files (x86)\arcgis\desktop10.6\ArcToolbox\Toolboxes\Data Management Tools.tbx\CalculateField" Date="20220526" Time="161138">CalculateField combo9 MAP_2022 "Non-forest - Unchanged" VB #</Process><Process ToolSource="c:\program files (x86)\arcgis\desktop10.6\ArcToolbox\Toolboxes\Data Management Tools.tbx\CalculateField" Date="20220526" Time="161225">CalculateField combo9 MAP_2022 "Forest - Unchanged" VB #</Process><Process ToolSource="c:\program files (x86)\arcgis\desktop10.6\ArcToolbox\Toolboxes\Data Management Tools.tbx\CalculateField" Date="20220526" Time="161244">CalculateField combo9 REVISION "Forest" VB #</Process><Process ToolSource="c:\program files (x86)\arcgis\desktop10.6\ArcToolbox\Toolboxes\Data Management Tools.tbx\CalculateField" Date="20220526" Time="161311">CalculateField combo9 NFI "N" VB #</Process><Process ToolSource="c:\program files (x86)\arcgis\desktop10.6\ArcToolbox\Toolboxes\Data Management Tools.tbx\CalculateField" Date="20220526" Time="161431">CalculateField combo9 MLE "[NFI] + [ANU] + [GA_DEA] + [NCAS]" VB #</Process><Process ToolSource="c:\program files (x86)\arcgis\desktop10.6\ArcToolbox\Toolboxes\Data Management Tools.tbx\CalculateField" Date="20220526" Time="161526">CalculateField combo9 MLE "" VB #</Process><Process ToolSource="c:\program files (x86)\arcgis\desktop10.6\ArcToolbox\Toolboxes\Data Management Tools.tbx\CalculateField" Date="20220526" Time="161606">CalculateField combo9 MLE2 "[NFI] + [ANU] + [GA_DEA] + [NCAS]" VB #</Process></lineage></DataProperties></Esri></metadata>
