species,alive,dead,alv_prop,ded_prop,total_prop,site,uid,date,factor,loc_count,geometry,lon_gda94,lat_gda94
Buchorvet,11.0,0.0,4.545454545454546,0.0,4.365079365079365,lit01,1,20130426,0.5,7,POINT (131.0619172006217 -12.54791228210612),131.06191720062165,-12.547912282106116
C. armstrongii,3.0,0.0,1.2396694214876034,0.0,1.1904761904761905,lit01,1,20130426,0.5,7,POINT (131.0619172006217 -12.54791228210612),131.06191720062165,-12.547912282106116
C. fraseri,2.0,0.0,0.8264462809917356,0.0,0.7936507936507936,lit01,1,20130426,0.5,7,POINT (131.0619172006217 -12.54791228210612),131.06191720062165,-12.547912282106116
Corymbia sp.,1.0,0.0,0.4132231404958678,0.0,0.3968253968253968,lit01,1,20130426,0.5,7,POINT (131.0619172006217 -12.54791228210612),131.06191720062165,-12.547912282106116
E. chlorostachys,38.0,2.0,15.702479338842975,20.0,15.873015873015872,lit01,1,20130426,0.5,7,POINT (131.0619172006217 -12.54791228210612),131.06191720062165,-12.547912282106116
E. miniata,18.0,0.0,7.43801652892562,0.0,7.142857142857142,lit01,1,20130426,0.5,7,POINT (131.0619172006217 -12.54791228210612),131.06191720062165,-12.547912282106116
E. tetrodonta,98.0,4.0,40.49586776859504,40.0,40.476190476190474,lit01,1,20130426,0.5,7,POINT (131.0619172006217 -12.54791228210612),131.06191720062165,-12.547912282106116
F. achleata,3.0,0.0,1.2396694214876034,0.0,1.1904761904761905,lit01,1,20130426,0.5,7,POINT (131.0619172006217 -12.54791228210612),131.06191720062165,-12.547912282106116
L. humilis,5.0,0.0,2.066115702479339,0.0,1.984126984126984,lit01,1,20130426,0.5,7,POINT (131.0619172006217 -12.54791228210612),131.06191720062165,-12.547912282106116
P. careya,6.0,0.0,2.479338842975207,0.0,2.380952380952381,lit01,1,20130426,0.5,7,POINT (131.0619172006217 -12.54791228210612),131.06191720062165,-12.547912282106116
P. pubescens,1.0,0.0,0.4132231404958678,0.0,0.3968253968253968,lit01,1,20130426,0.5,7,POINT (131.0619172006217 -12.54791228210612),131.06191720062165,-12.547912282106116
P. spiralis,48.0,4.0,19.834710743801654,40.0,20.634920634920633,lit01,1,20130426,0.5,7,POINT (131.0619172006217 -12.54791228210612),131.06191720062165,-12.547912282106116
Syzygium suborbiculare,8.0,0.0,3.3057851239669422,0.0,3.1746031746031744,lit01,1,20130426,0.5,7,POINT (131.0619172006217 -12.54791228210612),131.06191720062165,-12.547912282106116
Eucalyptus alba,12.0,0.0,8.333333333333332,0.0,7.142857142857142,girra02,6,20120605,0.1,7,POINT (131.1320003975128 -12.52340665621054),131.1320003975128,-12.523406656210543
Lophostemon lactifluus,20.0,4.0,13.88888888888889,16.666666666666664,14.285714285714285,girra02,6,20120605,0.1,7,POINT (131.1320003975128 -12.52340665621054),131.1320003975128,-12.523406656210543
Melaleuca nervoa,93.0,19.0,64.58333333333334,79.16666666666666,66.66666666666666,girra02,6,20120605,0.1,7,POINT (131.1320003975128 -12.52340665621054),131.1320003975128,-12.523406656210543
P. spiralis,19.0,1.0,13.194444444444445,4.166666666666666,11.904761904761903,girra02,6,20120605,0.1,7,POINT (131.1320003975128 -12.52340665621054),131.1320003975128,-12.523406656210543
Acacia latesens,6.0,2.0,4.411764705882353,15.384615384615385,5.369127516778524,umb07,24,20130603,0.25,7,POINT (131.6744999996898 -13.96230000075931),131.67449999968983,-13.96230000075931
Buchanania obovata,2.0,0.0,1.4705882352941175,0.0,1.342281879194631,umb07,24,20130603,0.25,7,POINT (131.6744999996898 -13.96230000075931),131.67449999968983,-13.96230000075931
Corymbia ferruginea,4.0,1.0,2.941176470588235,7.6923076923076925,3.3557046979865772,umb07,24,20130603,0.25,7,POINT (131.6744999996898 -13.96230000075931),131.67449999968983,-13.96230000075931
Corymbia sp.,1.0,0.0,0.7352941176470588,0.0,0.6711409395973155,umb07,24,20130603,0.25,7,POINT (131.6744999996898 -13.96230000075931),131.67449999968983,-13.96230000075931
Denhmai obscura,1.0,0.0,0.7352941176470588,0.0,0.6711409395973155,umb07,24,20130603,0.25,7,POINT (131.6744999996898 -13.96230000075931),131.67449999968983,-13.96230000075931
E. chlorostachys,2.0,2.0,1.4705882352941175,15.384615384615385,2.684563758389262,umb07,24,20130603,0.25,7,POINT (131.6744999996898 -13.96230000075931),131.67449999968983,-13.96230000075931
E. miniata,75.0,6.0,55.14705882352941,46.15384615384615,54.36241610738255,umb07,24,20130603,0.25,7,POINT (131.6744999996898 -13.96230000075931),131.67449999968983,-13.96230000075931
E. tetrodonta,37.0,2.0,27.205882352941174,15.384615384615385,26.174496644295303,umb07,24,20130603,0.25,7,POINT (131.6744999996898 -13.96230000075931),131.67449999968983,-13.96230000075931
Eucalyptus sp.,1.0,0.0,0.7352941176470588,0.0,0.6711409395973155,umb07,24,20130603,0.25,7,POINT (131.6744999996898 -13.96230000075931),131.67449999968983,-13.96230000075931
Exacarpos latafolia,5.0,0.0,3.6764705882352944,0.0,3.3557046979865772,umb07,24,20130603,0.25,7,POINT (131.6744999996898 -13.96230000075931),131.67449999968983,-13.96230000075931
Owinea sp.,1.0,0.0,0.7352941176470588,0.0,0.6711409395973155,umb07,24,20130603,0.25,7,POINT (131.6744999996898 -13.96230000075931),131.67449999968983,-13.96230000075931
Terminalia carpentariae,1.0,0.0,0.7352941176470588,0.0,0.6711409395973155,umb07,24,20130603,0.25,7,POINT (131.6744999996898 -13.96230000075931),131.67449999968983,-13.96230000075931
Corymbia sp.,21.0,0.0,12.883435582822086,0.0,12.804878048780488,jdr01,105,20120522,0.75,7,POINT (131.5996997759004 -13.88378624750307),131.59969977590038,-13.883786247503068
E. miniata,142.0,1.0,87.11656441717791,100.0,87.1951219512195,jdr01,105,20120522,0.75,7,POINT (131.5996997759004 -13.88378624750307),131.59969977590038,-13.883786247503068
Corymbia sp.,42.0,0.0,21.875,0.0,21.0,jdr02,106,20120523,0.5,7,POINT (131.600245706593 -13.85726623878167),131.60024570659297,-13.857266238781667
E. tetrodonta,150.0,8.0,78.125,100.0,79.0,jdr02,106,20120523,0.5,7,POINT (131.600245706593 -13.85726623878167),131.60024570659297,-13.857266238781667
Syzygium sp.,236.0,6.0,100.0,100.0,100.0,jdr03,107,20120523,0.25,7,POINT (131.5679093748641 -13.84688438272733),131.5679093748641,-13.846884382727328
species 1,73.0,2.0,92.40506329113924,100.0,92.5925925925926,jdr04,108,20120523,0.25,7,POINT (131.5977290340626 -13.97466897171563),131.5977290340626,-13.974668971715626
species 2,6.0,0.0,7.59493670886076,0.0,7.4074074074074066,jdr04,108,20120523,0.25,7,POINT (131.5977290340626 -13.97466897171563),131.5977290340626,-13.974668971715626
Atalaya hemiglauca,10.0,0.0,4.464285714285714,0.0,4.329004329004329,auv01,110,20121009,0.1,7,POINT (130.0932646273001 -15.58078095588989),130.09326462730013,-15.580780955889887
Eucalyptus microtheca,22.0,0.0,9.821428571428571,0.0,9.523809523809524,auv01,110,20121009,0.1,7,POINT (130.0932646273001 -15.58078095588989),130.09326462730013,-15.580780955889887
Lysiphyllum cunninghamii,161.0,4.0,71.875,57.14285714285714,71.42857142857143,auv01,110,20121009,0.1,7,POINT (130.0932646273001 -15.58078095588989),130.09326462730013,-15.580780955889887
Terminalia volucris,31.0,3.0,13.839285714285715,42.857142857142854,14.71861471861472,auv01,110,20121009,0.1,7,POINT (130.0932646273001 -15.58078095588989),130.09326462730013,-15.580780955889887
Acacia sp.,1.0,0.0,0.625,0.0,0.5988023952095809,auv02,111,20121010,0.1,7,POINT (130.0300394091591 -15.67690430418792),130.0300394091591,-15.67690430418792
Brachychiton diversifolius,10.0,0.0,6.25,0.0,5.9880239520958085,auv02,111,20121010,0.1,7,POINT (130.0300394091591 -15.67690430418792),130.0300394091591,-15.67690430418792
Corymbia confertiflora,17.0,2.0,10.625,28.57142857142857,11.377245508982035,auv02,111,20121010,0.1,7,POINT (130.0300394091591 -15.67690430418792),130.0300394091591,-15.67690430418792
Eucalyptus pruinosa,93.0,5.0,58.12500000000001,71.42857142857143,58.68263473053892,auv02,111,20121010,0.1,7,POINT (130.0300394091591 -15.67690430418792),130.0300394091591,-15.67690430418792
Eucalyptus terminalis,10.0,0.0,6.25,0.0,5.9880239520958085,auv02,111,20121010,0.1,7,POINT (130.0300394091591 -15.67690430418792),130.0300394091591,-15.67690430418792
Lysiphyllum cunninghamii,7.0,0.0,4.375,0.0,4.191616766467066,auv02,111,20121010,0.1,7,POINT (130.0300394091591 -15.67690430418792),130.0300394091591,-15.67690430418792
Melaleuca minutifolia,14.0,0.0,8.75,0.0,8.383233532934131,auv02,111,20121010,0.1,7,POINT (130.0300394091591 -15.67690430418792),130.0300394091591,-15.67690430418792
Terminalia arostrata,8.0,0.0,5.0,0.0,4.790419161676647,auv02,111,20121010,0.1,7,POINT (130.0300394091591 -15.67690430418792),130.0300394091591,-15.67690430418792
Acacia valida,19.0,0.0,26.027397260273972,,26.027397260273972,auv03,112,20121010,0.1,7,POINT (129.9789378709744 -15.71043146325299),129.9789378709744,-15.710431463252995
Atalaya hemiglauca,4.0,0.0,5.47945205479452,,5.47945205479452,auv03,112,20121010,0.1,7,POINT (129.9789378709744 -15.71043146325299),129.9789378709744,-15.710431463252995
Carissa lanceolata,2.0,0.0,2.73972602739726,,2.73972602739726,auv03,112,20121010,0.1,7,POINT (129.9789378709744 -15.71043146325299),129.9789378709744,-15.710431463252995
Excoecaria parvifolia,7.0,0.0,9.58904109589041,,9.58904109589041,auv03,112,20121010,0.1,7,POINT (129.9789378709744 -15.71043146325299),129.9789378709744,-15.710431463252995
Lysiphyllum cunninghamii,38.0,0.0,52.054794520547944,,52.054794520547944,auv03,112,20121010,0.1,7,POINT (129.9789378709744 -15.71043146325299),129.9789378709744,-15.710431463252995
Terminalia volucris,3.0,0.0,4.10958904109589,,4.10958904109589,auv03,112,20121010,0.1,7,POINT (129.9789378709744 -15.71043146325299),129.9789378709744,-15.710431463252995
Atalaya hemiglauca,1.0,0.0,2.7777777777777777,0.0,2.631578947368421,auv04,113,20121010,0.0,7,POINT (129.8152354582095 -15.82118171854022),129.81523545820946,-15.821181718540224
Lysiphyllum cunninghamii,19.0,2.0,52.77777777777778,100.0,55.26315789473685,auv04,113,20121010,0.0,7,POINT (129.8152354582095 -15.82118171854022),129.81523545820946,-15.821181718540224
Terminalia platyptera,16.0,0.0,44.44444444444444,0.0,42.10526315789473,auv04,113,20121010,0.0,7,POINT (129.8152354582095 -15.82118171854022),129.81523545820946,-15.821181718540224
Lysiphyllum cunninghamii,1.0,0.0,33.33333333333333,,33.33333333333333,auv05,114,20121011,0.1,7,POINT (129.8277172202255 -15.86184945421661),129.8277172202255,-15.861849454216609
Terminalia platyptera,1.0,0.0,33.33333333333333,,33.33333333333333,auv05,114,20121011,0.1,7,POINT (129.8277172202255 -15.86184945421661),129.8277172202255,-15.861849454216609
Terminalia volucris,1.0,0.0,33.33333333333333,,33.33333333333333,auv05,114,20121011,0.1,7,POINT (129.8277172202255 -15.86184945421661),129.8277172202255,-15.861849454216609
Buchanania obovata,1.0,0.0,0.8620689655172413,0.0,0.8264462809917356,centa13,12,20130602,0.25,7,POINT (133.3554380134159 -14.37659043909748),133.35543801341595,-14.37659043909748
Corymbia bleeseri,29.0,0.0,25.0,0.0,23.96694214876033,centa13,12,20130602,0.25,7,POINT (133.3554380134159 -14.37659043909748),133.35543801341595,-14.37659043909748
Corymbia dichromphloia,14.0,0.0,12.068965517241379,0.0,11.570247933884298,centa13,12,20130602,0.25,7,POINT (133.3554380134159 -14.37659043909748),133.35543801341595,-14.37659043909748
E. chlorostachys,7.0,1.0,6.0344827586206895,20.0,6.6115702479338845,centa13,12,20130602,0.25,7,POINT (133.3554380134159 -14.37659043909748),133.35543801341595,-14.37659043909748
E. miniata,7.0,0.0,6.0344827586206895,0.0,5.785123966942149,centa13,12,20130602,0.25,7,POINT (133.3554380134159 -14.37659043909748),133.35543801341595,-14.37659043909748
E. tetrodonta,58.0,4.0,50.0,80.0,51.2396694214876,centa13,12,20130602,0.25,7,POINT (133.3554380134159 -14.37659043909748),133.35543801341595,-14.37659043909748
Buchanania obovata,5.0,0.0,2.6881720430107525,0.0,2.4752475247524752,gulf11,15,20130716,0.25,7,POINT (136.5990051518182 -16.08906704664027),136.59900515181818,-16.089067046640274
Corymbia ferruginea,6.0,0.0,3.225806451612903,0.0,2.9702970297029703,gulf11,15,20130716,0.25,7,POINT (136.5990051518182 -16.08906704664027),136.59900515181818,-16.089067046640274
E. chlorostachys,16.0,5.0,8.60215053763441,31.25,10.396039603960396,gulf11,15,20130716,0.25,7,POINT (136.5990051518182 -16.08906704664027),136.59900515181818,-16.089067046640274
E. miniata,36.0,3.0,19.35483870967742,18.75,19.306930693069308,gulf11,15,20130716,0.25,7,POINT (136.5990051518182 -16.08906704664027),136.59900515181818,-16.089067046640274
E. tetrodonta,116.0,6.0,62.365591397849464,37.5,60.396039603960396,gulf11,15,20130716,0.25,7,POINT (136.5990051518182 -16.08906704664027),136.59900515181818,-16.089067046640274
P. pubescens,6.0,1.0,3.225806451612903,6.25,3.4653465346534658,gulf11,15,20130716,0.25,7,POINT (136.5990051518182 -16.08906704664027),136.59900515181818,-16.089067046640274
Planchonia sp.,1.0,1.0,0.5376344086021506,6.25,0.9900990099009901,gulf11,15,20130716,0.25,7,POINT (136.5990051518182 -16.08906704664027),136.59900515181818,-16.089067046640274
Alphitonia excelsa,6.0,0.0,3.3707865168539324,0.0,3.1914893617021276,amg01,25,20120619,0.25,7,POINT (134.0516864045037 -16.38095845455373),134.05168640450373,-16.38095845455373
Atalaya hemiglauca,1.0,0.0,0.5617977528089888,0.0,0.5319148936170213,amg01,25,20120619,0.25,7,POINT (134.0516864045037 -16.38095845455373),134.05168640450373,-16.38095845455373
Bauhinia cunninghamii,5.0,0.0,2.8089887640449436,0.0,2.6595744680851063,amg01,25,20120619,0.25,7,POINT (134.0516864045037 -16.38095845455373),134.05168640450373,-16.38095845455373
Brachychiton diversifolius,9.0,0.0,5.056179775280898,0.0,4.787234042553192,amg01,25,20120619,0.25,7,POINT (134.0516864045037 -16.38095845455373),134.05168640450373,-16.38095845455373
Brachychiton paradoxus,1.0,0.0,0.5617977528089888,0.0,0.5319148936170213,amg01,25,20120619,0.25,7,POINT (134.0516864045037 -16.38095845455373),134.05168640450373,-16.38095845455373
Corymbia dichromphloia,16.0,0.0,8.98876404494382,0.0,8.51063829787234,amg01,25,20120619,0.25,7,POINT (134.0516864045037 -16.38095845455373),134.05168640450373,-16.38095845455373
Corymbia ferruginea,21.0,0.0,11.797752808988763,0.0,11.170212765957446,amg01,25,20120619,0.25,7,POINT (134.0516864045037 -16.38095845455373),134.05168640450373,-16.38095845455373
E. chlorostachys,102.0,9.0,57.30337078651685,90.0,59.04255319148937,amg01,25,20120619,0.25,7,POINT (134.0516864045037 -16.38095845455373),134.05168640450373,-16.38095845455373
Erythroxylum ellipticum,2.0,0.0,1.1235955056179776,0.0,1.0638297872340425,amg01,25,20120619,0.25,7,POINT (134.0516864045037 -16.38095845455373),134.05168640450373,-16.38095845455373
Grevillia sp.,7.0,0.0,3.932584269662921,0.0,3.723404255319149,amg01,25,20120619,0.25,7,POINT (134.0516864045037 -16.38095845455373),134.05168640450373,-16.38095845455373
Hakea arborescens,1.0,0.0,0.5617977528089888,0.0,0.5319148936170213,amg01,25,20120619,0.25,7,POINT (134.0516864045037 -16.38095845455373),134.05168640450373,-16.38095845455373
Macropteranthes kekwickii,1.0,0.0,0.5617977528089888,0.0,0.5319148936170213,amg01,25,20120619,0.25,7,POINT (134.0516864045037 -16.38095845455373),134.05168640450373,-16.38095845455373
P. pubescens,1.0,0.0,0.5617977528089888,0.0,0.5319148936170213,amg01,25,20120619,0.25,7,POINT (134.0516864045037 -16.38095845455373),134.05168640450373,-16.38095845455373
Terminalia canescens,4.0,1.0,2.247191011235955,10.0,2.6595744680851063,amg01,25,20120619,0.25,7,POINT (134.0516864045037 -16.38095845455373),134.05168640450373,-16.38095845455373
species 1,1.0,0.0,0.5617977528089888,0.0,0.5319148936170213,amg01,25,20120619,0.25,7,POINT (134.0516864045037 -16.38095845455373),134.05168640450373,-16.38095845455373
Acacia sp.,1.0,5.0,1.2987012987012987,83.33333333333334,7.228915662650602,amg02,26,20120619,0.0,7,POINT (133.9823169149365 -16.4864430402684),133.9823169149365,-16.486443040268398
Brachychiton sp.,2.0,0.0,2.5974025974025974,0.0,2.4096385542168677,amg02,26,20120619,0.0,7,POINT (133.9823169149365 -16.4864430402684),133.9823169149365,-16.486443040268398
Eucalyptus microtheca,74.0,1.0,96.1038961038961,16.666666666666664,90.36144578313254,amg02,26,20120619,0.0,7,POINT (133.9823169149365 -16.4864430402684),133.9823169149365,-16.486443040268398
Acacia shirleyi,105.0,54.0,92.92035398230088,83.07692307692308,89.32584269662921,amg05,28,20120621,0.75,7,POINT (134.090645066343 -16.73124616889728),134.090645066343,-16.73124616889728
Eucalyptus microtheca,2.0,0.0,1.7699115044247788,0.0,1.1235955056179776,amg05,28,20120621,0.75,7,POINT (134.090645066343 -16.73124616889728),134.090645066343,-16.73124616889728
Macropteranthes kekwickii,6.0,11.0,5.3097345132743365,16.923076923076923,9.550561797752808,amg05,28,20120621,0.75,7,POINT (134.090645066343 -16.73124616889728),134.090645066343,-16.73124616889728
Acacia sp.,20.0,0.0,12.738853503184714,0.0,11.976047904191617,amg06,29,20120621,0.1,7,POINT (134.0878567879695 -16.69421982697164),134.08785678796954,-16.694219826971644
Brachychiton sp.,2.0,0.0,1.2738853503184715,0.0,1.1976047904191618,amg06,29,20120621,0.1,7,POINT (134.0878567879695 -16.69421982697164),134.08785678796954,-16.694219826971644
Corymbia dichromphloia,62.0,2.0,39.490445859872615,20.0,38.32335329341318,amg06,29,20120621,0.1,7,POINT (134.0878567879695 -16.69421982697164),134.08785678796954,-16.694219826971644
Corymbia ferruginea,71.0,8.0,45.22292993630573,80.0,47.30538922155689,amg06,29,20120621,0.1,7,POINT (134.0878567879695 -16.69421982697164),134.08785678796954,-16.694219826971644
Grevillia sp.,2.0,0.0,1.2738853503184715,0.0,1.1976047904191618,amg06,29,20120621,0.1,7,POINT (134.0878567879695 -16.69421982697164),134.08785678796954,-16.694219826971644
Acacia shirleyi,139.0,22.0,77.22222222222223,66.66666666666666,75.5868544600939,amg08,30,20120622,0.75,7,POINT (134.0887000869861 -16.56930581154833),134.08870008698605,-16.569305811548332
Macropteranthes kekwickii,38.0,11.0,21.11111111111111,33.33333333333333,23.004694835680752,amg08,30,20120622,0.75,7,POINT (134.0887000869861 -16.56930581154833),134.08870008698605,-16.569305811548332
Terminalia volucris,3.0,0.0,1.6666666666666667,0.0,1.4084507042253522,amg08,30,20120622,0.75,7,POINT (134.0887000869861 -16.56930581154833),134.08870008698605,-16.569305811548332
Acacia gonoclada,8.0,0.0,5.9259259259259265,0.0,5.88235294117647,amg09,31,20120622,0.0,7,POINT (134.1235113805055 -16.51916188541505),134.12351138050548,-16.519161885415052
Brachychiton paradoxus,1.0,0.0,0.7407407407407408,0.0,0.7352941176470588,amg09,31,20120622,0.0,7,POINT (134.1235113805055 -16.51916188541505),134.12351138050548,-16.519161885415052
Eucalyptus chlorophylla,126.0,1.0,93.33333333333333,100.0,93.38235294117648,amg09,31,20120622,0.0,7,POINT (134.1235113805055 -16.51916188541505),134.12351138050548,-16.519161885415052
Acacia sp.,2.0,0.0,1.4184397163120568,0.0,1.282051282051282,amg10,32,20120622,0.1,7,POINT (134.1876887644216 -16.41557846738749),134.1876887644216,-16.41557846738749
Brachychiton sp.,2.0,0.0,1.4184397163120568,0.0,1.282051282051282,amg10,32,20120622,0.1,7,POINT (134.1876887644216 -16.41557846738749),134.1876887644216,-16.41557846738749
Dodonaea physocarpa,2.0,0.0,1.4184397163120568,0.0,1.282051282051282,amg10,32,20120622,0.1,7,POINT (134.1876887644216 -16.41557846738749),134.1876887644216,-16.41557846738749
E. chlorostachys,28.0,4.0,19.858156028368796,26.666666666666668,20.51282051282051,amg10,32,20120622,0.1,7,POINT (134.1876887644216 -16.41557846738749),134.1876887644216,-16.41557846738749
Eucalyptus chlorophylla,73.0,11.0,51.77304964539007,73.33333333333333,53.84615384615385,amg10,32,20120622,0.1,7,POINT (134.1876887644216 -16.41557846738749),134.1876887644216,-16.41557846738749
Eucalyptus pruinosa,23.0,0.0,16.312056737588655,0.0,14.743589743589745,amg10,32,20120622,0.1,7,POINT (134.1876887644216 -16.41557846738749),134.1876887644216,-16.41557846738749
Macropteranthes kekwickii,2.0,0.0,1.4184397163120568,0.0,1.282051282051282,amg10,32,20120622,0.1,7,POINT (134.1876887644216 -16.41557846738749),134.1876887644216,-16.41557846738749
Terminalia canescens,6.0,0.0,4.25531914893617,0.0,3.8461538461538463,amg10,32,20120622,0.1,7,POINT (134.1876887644216 -16.41557846738749),134.1876887644216,-16.41557846738749
dead,3.0,0.0,2.127659574468085,0.0,1.9230769230769231,amg10,32,20120622,0.1,7,POINT (134.1876887644216 -16.41557846738749),134.1876887644216,-16.41557846738749
Eucalyptus microtheca,12.0,0.0,100.0,,100.0,ant05,37,20120625,0.0,7,POINT (135.0975250722216 -18.26046937743887),135.0975250722216,-18.26046937743887
Eucalyptus microtheca,36.0,0.0,100.0,,100.0,ant03,39,20120624,0.1,7,POINT (135.058012624136 -18.24022133701147),135.058012624136,-18.240221337011473
Excoecaria parvifolia,38.0,3.0,100.0,100.0,100.0,barkely07,48,20111027,0.25,7,POINT (135.609309515743 -18.08531564548007),135.60930951574304,-18.08531564548007
Acacia stenophylla,10.0,2.0,6.0606060606060606,9.523809523809524,6.451612903225806,nc01,88,20130414,0.25,7,POINT (132.6864534999178 -23.14929813110095),132.6864534999178,-23.149298131100952
Eucalyptus microtheca,95.0,9.0,57.57575757575758,42.857142857142854,55.91397849462365,nc01,88,20130414,0.25,7,POINT (132.6864534999178 -23.14929813110095),132.6864534999178,-23.149298131100952
Exocarpos parvifolia,60.0,10.0,36.36363636363637,47.61904761904761,37.634408602150536,nc01,88,20130414,0.25,7,POINT (132.6864534999178 -23.14929813110095),132.6864534999178,-23.149298131100952
Eucalyptus microtheca,70.0,2.0,53.43511450381679,28.57142857142857,52.17391304347826,nc02,89,20130414,0.25,7,POINT (133.4097638624726 -17.35382382822151),133.40976386247263,-17.353823828221515
Excoecaria sp.,27.0,5.0,20.610687022900763,71.42857142857143,23.18840579710145,nc02,89,20130414,0.25,7,POINT (133.4097638624726 -17.35382382822151),133.40976386247263,-17.353823828221515
Lysiphyllum cunninghamii,31.0,0.0,23.66412213740458,0.0,22.463768115942027,nc02,89,20130414,0.25,7,POINT (133.4097638624726 -17.35382382822151),133.40976386247263,-17.353823828221515
P. careya,3.0,0.0,2.2900763358778624,0.0,2.1739130434782608,nc02,89,20130414,0.25,7,POINT (133.4097638624726 -17.35382382822151),133.40976386247263,-17.353823828221515
Eucalyptus microtheca,137.0,20.0,79.1907514450867,90.9090909090909,80.51282051282051,nc03,90,20130414,0.1,7,POINT (133.4185896673013 -17.36593027390538),133.41858966730132,-17.365930273905384
Excoecaria parvifolia,29.0,2.0,16.76300578034682,9.090909090909092,15.897435897435896,nc03,90,20130414,0.1,7,POINT (133.4185896673013 -17.36593027390538),133.41858966730132,-17.365930273905384
Exocoecaria parvifolia,7.0,0.0,4.046242774566474,0.0,3.5897435897435894,nc03,90,20130414,0.1,7,POINT (133.4185896673013 -17.36593027390538),133.41858966730132,-17.365930273905384
Brachychiton diversifolius,4.0,0.0,1.8867924528301887,0.0,1.5037593984962405,lim01,91,20120529,0.1,7,POINT (135.7442136556169 -16.31385667595235),135.74421365561693,-16.313856675952348
Carissa lanceolata,2.0,0.0,0.9433962264150944,0.0,0.7518796992481203,lim01,91,20120529,0.1,7,POINT (135.7442136556169 -16.31385667595235),135.74421365561693,-16.313856675952348
Corymbia terminalis,6.0,0.0,2.8301886792452833,0.0,2.2556390977443606,lim01,91,20120529,0.1,7,POINT (135.7442136556169 -16.31385667595235),135.74421365561693,-16.313856675952348
E. chlorostachys,27.0,0.0,12.735849056603774,0.0,10.150375939849624,lim01,91,20120529,0.1,7,POINT (135.7442136556169 -16.31385667595235),135.74421365561693,-16.313856675952348
Erythroxylum ellipticum,1.0,0.0,0.4716981132075472,0.0,0.37593984962406013,lim01,91,20120529,0.1,7,POINT (135.7442136556169 -16.31385667595235),135.74421365561693,-16.313856675952348
Eucalyptus leucophloia,147.0,54.0,69.33962264150944,100.0,75.56390977443608,lim01,91,20120529,0.1,7,POINT (135.7442136556169 -16.31385667595235),135.74421365561693,-16.313856675952348
Eucalyptus tectifica,12.0,0.0,5.660377358490567,0.0,4.511278195488721,lim01,91,20120529,0.1,7,POINT (135.7442136556169 -16.31385667595235),135.74421365561693,-16.313856675952348
Lysiphyllum cunninghamii,10.0,0.0,4.716981132075472,0.0,3.7593984962406015,lim01,91,20120529,0.1,7,POINT (135.7442136556169 -16.31385667595235),135.74421365561693,-16.313856675952348
P. pubescens,2.0,0.0,0.9433962264150944,0.0,0.7518796992481203,lim01,91,20120529,0.1,7,POINT (135.7442136556169 -16.31385667595235),135.74421365561693,-16.313856675952348
Terminalia canescens,1.0,0.0,0.4716981132075472,0.0,0.37593984962406013,lim01,91,20120529,0.1,7,POINT (135.7442136556169 -16.31385667595235),135.74421365561693,-16.313856675952348
Alphitonia excelsa,2.0,0.0,0.9478672985781991,0.0,0.8771929824561403,lim02,92,20120529,0.0,7,POINT (135.6938379612388 -16.35727345668779),135.69383796123878,-16.357273456687793
Atalaya hemiglauca,3.0,0.0,1.4218009478672986,0.0,1.3157894736842104,lim02,92,20120529,0.0,7,POINT (135.6938379612388 -16.35727345668779),135.69383796123878,-16.357273456687793
Bauhinia cunninghamii,31.0,4.0,14.691943127962084,23.52941176470588,15.350877192982457,lim02,92,20120529,0.0,7,POINT (135.6938379612388 -16.35727345668779),135.69383796123878,-16.357273456687793
Calytrix exstipulata,2.0,0.0,0.9478672985781991,0.0,0.8771929824561403,lim02,92,20120529,0.0,7,POINT (135.6938379612388 -16.35727345668779),135.69383796123878,-16.357273456687793
Corymbia ferruginea,1.0,0.0,0.47393364928909953,0.0,0.43859649122807015,lim02,92,20120529,0.0,7,POINT (135.6938379612388 -16.35727345668779),135.69383796123878,-16.357273456687793
E. chlorostachys,25.0,5.0,11.848341232227488,29.411764705882355,13.157894736842104,lim02,92,20120529,0.0,7,POINT (135.6938379612388 -16.35727345668779),135.69383796123878,-16.357273456687793
Erythroxylum ellipticum,19.0,0.0,9.004739336492891,0.0,8.333333333333332,lim02,92,20120529,0.0,7,POINT (135.6938379612388 -16.35727345668779),135.69383796123878,-16.357273456687793
Eucalyptus leucophloia,1.0,0.0,0.47393364928909953,0.0,0.43859649122807015,lim02,92,20120529,0.0,7,POINT (135.6938379612388 -16.35727345668779),135.69383796123878,-16.357273456687793
P. pubescens,21.0,2.0,9.95260663507109,11.76470588235294,10.087719298245613,lim02,92,20120529,0.0,7,POINT (135.6938379612388 -16.35727345668779),135.69383796123878,-16.357273456687793
Terminalia canescens,106.0,6.0,50.23696682464455,35.294117647058826,49.122807017543856,lim02,92,20120529,0.0,7,POINT (135.6938379612388 -16.35727345668779),135.69383796123878,-16.357273456687793
Bauhinia cunninghamii,3.0,0.0,1.7964071856287425,0.0,1.675977653631285,lim03,93,20120530,0.25,7,POINT (135.6878443930331 -16.45019223373671),135.68784439303315,-16.450192233736708
Corymbia terminalis,19.0,1.0,11.377245508982035,8.333333333333332,11.1731843575419,lim03,93,20120530,0.25,7,POINT (135.6878443930331 -16.45019223373671),135.68784439303315,-16.450192233736708
E. chlorostachys,53.0,7.0,31.736526946107784,58.333333333333336,33.5195530726257,lim03,93,20120530,0.25,7,POINT (135.6878443930331 -16.45019223373671),135.68784439303315,-16.450192233736708
Eucalyptus chlorophylla,92.0,4.0,55.08982035928144,33.33333333333333,53.63128491620112,lim03,93,20120530,0.25,7,POINT (135.6878443930331 -16.45019223373671),135.68784439303315,-16.450192233736708
Brachychiton diversifolius,1.0,0.0,0.6622516556291391,0.0,0.5847953216374269,lim04,94,20120530,0.1,7,POINT (135.6882506083993 -16.48567079259439),135.68825060839927,-16.485670792594394
Corymbia ferruginea,44.0,5.0,29.13907284768212,25.0,28.654970760233915,lim04,94,20120530,0.1,7,POINT (135.6882506083993 -16.48567079259439),135.68825060839927,-16.485670792594394
Corymbia grandifolia,22.0,1.0,14.56953642384106,5.0,13.450292397660817,lim04,94,20120530,0.1,7,POINT (135.6882506083993 -16.48567079259439),135.68825060839927,-16.485670792594394
E. chlorostachys,2.0,0.0,1.3245033112582782,0.0,1.1695906432748537,lim04,94,20120530,0.1,7,POINT (135.6882506083993 -16.48567079259439),135.68825060839927,-16.485670792594394
Grevillea refracta,26.0,9.0,17.218543046357617,45.0,20.46783625730994,lim04,94,20120530,0.1,7,POINT (135.6882506083993 -16.48567079259439),135.68825060839927,-16.485670792594394
Terminalia canescens,56.0,5.0,37.086092715231786,25.0,35.67251461988304,lim04,94,20120530,0.1,7,POINT (135.6882506083993 -16.48567079259439),135.68825060839927,-16.485670792594394
Acacia species,15.0,0.0,8.875739644970414,0.0,8.02139037433155,lim05,95,20120530,0.0,7,POINT (135.713314853143 -16.38368513085041),135.71331485314303,-16.38368513085041
Buchanania obovata,6.0,0.0,3.5502958579881656,0.0,3.2085561497326207,lim05,95,20120530,0.0,7,POINT (135.713314853143 -16.38368513085041),135.71331485314303,-16.38368513085041
Corymbia ferruginea,7.0,0.0,4.142011834319527,0.0,3.7433155080213902,lim05,95,20120530,0.0,7,POINT (135.713314853143 -16.38368513085041),135.71331485314303,-16.38368513085041
Corymbia ptychocarpa,44.0,2.0,26.035502958579883,11.11111111111111,24.598930481283425,lim05,95,20120530,0.0,7,POINT (135.713314853143 -16.38368513085041),135.71331485314303,-16.38368513085041
E. chlorostachys,16.0,4.0,9.467455621301776,22.22222222222222,10.695187165775401,lim05,95,20120530,0.0,7,POINT (135.713314853143 -16.38368513085041),135.71331485314303,-16.38368513085041
E. miniata,7.0,1.0,4.142011834319527,5.555555555555555,4.27807486631016,lim05,95,20120530,0.0,7,POINT (135.713314853143 -16.38368513085041),135.71331485314303,-16.38368513085041
E. tetrodonta,49.0,7.0,28.994082840236686,38.88888888888889,29.946524064171122,lim05,95,20120530,0.0,7,POINT (135.713314853143 -16.38368513085041),135.71331485314303,-16.38368513085041
Grevillea pteridifolia,18.0,0.0,10.650887573964498,0.0,9.62566844919786,lim05,95,20120530,0.0,7,POINT (135.713314853143 -16.38368513085041),135.71331485314303,-16.38368513085041
Melaleuca viridiflora,0.0,2.0,0.0,11.11111111111111,1.06951871657754,lim05,95,20120530,0.0,7,POINT (135.713314853143 -16.38368513085041),135.71331485314303,-16.38368513085041
P. spiralis,6.0,1.0,3.5502958579881656,5.555555555555555,3.7433155080213902,lim05,95,20120530,0.0,7,POINT (135.713314853143 -16.38368513085041),135.71331485314303,-16.38368513085041
Terminalia canescens,1.0,1.0,0.591715976331361,5.555555555555555,1.06951871657754,lim05,95,20120530,0.0,7,POINT (135.713314853143 -16.38368513085041),135.71331485314303,-16.38368513085041
Bauhinia cunninghamii,7.0,0.0,2.5830258302583027,0.0,2.287581699346405,lim06,96,20120530,0.1,7,POINT (135.7115995035064 -16.30821087991679),135.7115995035064,-16.308210879916786
Brachychiton diversifolius,5.0,0.0,1.8450184501845017,0.0,1.6339869281045754,lim06,96,20120530,0.1,7,POINT (135.7115995035064 -16.30821087991679),135.7115995035064,-16.308210879916786
Corymbia grandifolia,42.0,0.0,15.498154981549817,0.0,13.725490196078432,lim06,96,20120530,0.1,7,POINT (135.7115995035064 -16.30821087991679),135.7115995035064,-16.308210879916786
Corymbia terminalis,39.0,2.0,14.391143911439114,5.714285714285714,13.398692810457517,lim06,96,20120530,0.1,7,POINT (135.7115995035064 -16.30821087991679),135.7115995035064,-16.308210879916786
E. chlorostachys,39.0,3.0,14.391143911439114,8.571428571428571,13.725490196078432,lim06,96,20120530,0.1,7,POINT (135.7115995035064 -16.30821087991679),135.7115995035064,-16.308210879916786
Eucalyptus chlorophylla,41.0,6.0,15.129151291512915,17.142857142857142,15.359477124183007,lim06,96,20120530,0.1,7,POINT (135.7115995035064 -16.30821087991679),135.7115995035064,-16.308210879916786
Hakea arborescens,24.0,1.0,8.856088560885608,2.857142857142857,8.169934640522875,lim06,96,20120530,0.1,7,POINT (135.7115995035064 -16.30821087991679),135.7115995035064,-16.308210879916786
Petalostigma pubescens,36.0,8.0,13.284132841328415,22.857142857142858,14.37908496732026,lim06,96,20120530,0.1,7,POINT (135.7115995035064 -16.30821087991679),135.7115995035064,-16.308210879916786
Terminalia canescens,38.0,15.0,14.022140221402212,42.857142857142854,17.320261437908496,lim06,96,20120530,0.1,7,POINT (135.7115995035064 -16.30821087991679),135.7115995035064,-16.308210879916786
Antidesma sp.,7.0,0.0,4.242424242424243,0.0,3.932584269662921,buff01,3,20210713,0.25,7,POINT (130.8985928144694 -12.33618713146299),130.8985928144694,-12.336187131462985
Buchanania obovata,6.0,0.0,3.6363636363636362,0.0,3.3707865168539324,buff01,3,20210713,0.25,7,POINT (130.8985928144694 -12.33618713146299),130.8985928144694,-12.336187131462985
E. chlorostachys,0.0,1.0,0.0,7.6923076923076925,0.5617977528089888,buff01,3,20210713,0.25,7,POINT (130.8985928144694 -12.33618713146299),130.8985928144694,-12.336187131462985
E. tetrodonta,125.0,8.0,75.75757575757575,61.53846153846154,74.71910112359551,buff01,3,20210713,0.25,7,POINT (130.8985928144694 -12.33618713146299),130.8985928144694,-12.336187131462985
Exocarpos latifolius,5.0,0.0,3.0303030303030303,0.0,2.8089887640449436,buff01,3,20210713,0.25,7,POINT (130.8985928144694 -12.33618713146299),130.8985928144694,-12.336187131462985
Gardenia sp.,11.0,0.0,6.666666666666667,0.0,6.179775280898876,buff01,3,20210713,0.25,7,POINT (130.8985928144694 -12.33618713146299),130.8985928144694,-12.336187131462985
L. humilis,3.0,0.0,1.8181818181818181,0.0,1.6853932584269662,buff01,3,20210713,0.25,7,POINT (130.8985928144694 -12.33618713146299),130.8985928144694,-12.336187131462985
P. careya,1.0,0.0,0.6060606060606061,0.0,0.5617977528089888,buff01,3,20210713,0.25,7,POINT (130.8985928144694 -12.33618713146299),130.8985928144694,-12.336187131462985
Strychnos lucida,2.0,0.0,1.2121212121212122,0.0,1.1235955056179776,buff01,3,20210713,0.25,7,POINT (130.8985928144694 -12.33618713146299),130.8985928144694,-12.336187131462985
Terminalia sp.,5.0,4.0,3.0303030303030303,30.76923076923077,5.056179775280898,buff01,3,20210713,0.25,7,POINT (130.8985928144694 -12.33618713146299),130.8985928144694,-12.336187131462985
Camoty,154.0,6.0,83.24324324324324,33.33333333333333,78.81773399014779,ep01,4,20120713,0.5,7,POINT (130.8216492912273 -12.41110272152457),130.82164929122726,-12.411102721524571
Mid layer vine,31.0,12.0,16.756756756756758,66.66666666666666,21.182266009852217,ep01,4,20120713,0.5,7,POINT (130.8216492912273 -12.41110272152457),130.82164929122726,-12.411102721524571
Buchanania obovata,1.0,0.0,0.6451612903225806,0.0,0.6172839506172839,girra01,5,20120605,0.5,6,POINT (131.07802192217 -12.51412293605501),131.07802192217,-12.514122936055013
C. armstrongii,4.0,0.0,2.5806451612903225,0.0,2.4691358024691357,girra01,5,20120605,0.5,6,POINT (131.07802192217 -12.51412293605501),131.07802192217,-12.514122936055013
Corymbia polysciada,1.0,0.0,0.6451612903225806,0.0,0.6172839506172839,girra01,5,20120605,0.5,6,POINT (131.07802192217 -12.51412293605501),131.07802192217,-12.514122936055013
Corymbia porrecta,7.0,0.0,4.516129032258064,0.0,4.320987654320987,girra01,5,20120605,0.5,6,POINT (131.07802192217 -12.51412293605501),131.07802192217,-12.514122936055013
E. chlorostachys,18.0,0.0,11.612903225806452,0.0,11.11111111111111,girra01,5,20120605,0.5,6,POINT (131.07802192217 -12.51412293605501),131.07802192217,-12.514122936055013
E. miniata,57.0,0.0,36.774193548387096,0.0,35.18518518518518,girra01,5,20120605,0.5,6,POINT (131.07802192217 -12.51412293605501),131.07802192217,-12.514122936055013
E. tetrodonta,38.0,0.0,24.516129032258064,0.0,23.456790123456788,girra01,5,20120605,0.5,6,POINT (131.07802192217 -12.51412293605501),131.07802192217,-12.514122936055013
Gardenia megasperma,1.0,0.0,0.6451612903225806,0.0,0.6172839506172839,girra01,5,20120605,0.5,6,POINT (131.07802192217 -12.51412293605501),131.07802192217,-12.514122936055013
Lophostemon lactifluus,3.0,0.0,1.935483870967742,0.0,1.8518518518518516,girra01,5,20120605,0.5,6,POINT (131.07802192217 -12.51412293605501),131.07802192217,-12.514122936055013
P. careya,1.0,0.0,0.6451612903225806,0.0,0.6172839506172839,girra01,5,20120605,0.5,6,POINT (131.07802192217 -12.51412293605501),131.07802192217,-12.514122936055013
Terminalia ferdinandiana,24.0,0.0,15.483870967741936,0.0,14.814814814814813,girra01,5,20120605,0.5,6,POINT (131.07802192217 -12.51412293605501),131.07802192217,-12.514122936055013
dead,0.0,7.0,0.0,100.0,4.320987654320987,girra01,5,20120605,0.5,6,POINT (131.07802192217 -12.51412293605501),131.07802192217,-12.514122936055013
Acacia auriculiformis,44.0,13.0,25.882352941176475,59.09090909090909,29.6875,hshr01,7,20120606,1.0,7,POINT (131.0620726815403 -12.41656582387474),131.0620726815403,-12.416565823874741
Alphitonia incana,2.0,0.0,1.1764705882352942,0.0,1.0416666666666665,hshr01,7,20120606,1.0,7,POINT (131.0620726815403 -12.41656582387474),131.0620726815403,-12.416565823874741
Brachychiton diversifolius,1.0,0.0,0.5882352941176471,0.0,0.5208333333333333,hshr01,7,20120606,1.0,7,POINT (131.0620726815403 -12.41656582387474),131.0620726815403,-12.416565823874741
Breynia cerunea,1.0,0.0,0.5882352941176471,0.0,0.5208333333333333,hshr01,7,20120606,1.0,7,POINT (131.0620726815403 -12.41656582387474),131.0620726815403,-12.416565823874741
Bridelia tomentosa,2.0,0.0,1.1764705882352942,0.0,1.0416666666666665,hshr01,7,20120606,1.0,7,POINT (131.0620726815403 -12.41656582387474),131.0620726815403,-12.416565823874741
C. armstrongii,2.0,0.0,1.1764705882352942,0.0,1.0416666666666665,hshr01,7,20120606,1.0,7,POINT (131.0620726815403 -12.41656582387474),131.0620726815403,-12.416565823874741
Canarium australianum,6.0,0.0,3.5294117647058822,0.0,3.125,hshr01,7,20120606,1.0,7,POINT (131.0620726815403 -12.41656582387474),131.0620726815403,-12.416565823874741
Corymbia polysciada,1.0,0.0,0.5882352941176471,0.0,0.5208333333333333,hshr01,7,20120606,1.0,7,POINT (131.0620726815403 -12.41656582387474),131.0620726815403,-12.416565823874741
Denhamia obscura,1.0,0.0,0.5882352941176471,0.0,0.5208333333333333,hshr01,7,20120606,1.0,7,POINT (131.0620726815403 -12.41656582387474),131.0620726815403,-12.416565823874741
E. chlorostachys,17.0,0.0,10.0,0.0,8.854166666666668,hshr01,7,20120606,1.0,7,POINT (131.0620726815403 -12.41656582387474),131.0620726815403,-12.416565823874741
E. miniata,1.0,0.0,0.5882352941176471,0.0,0.5208333333333333,hshr01,7,20120606,1.0,7,POINT (131.0620726815403 -12.41656582387474),131.0620726815403,-12.416565823874741
Eucalyptus bella,2.0,0.0,1.1764705882352942,0.0,1.0416666666666665,hshr01,7,20120606,1.0,7,POINT (131.0620726815403 -12.41656582387474),131.0620726815403,-12.416565823874741
Eucalyptus tectifica,1.0,0.0,0.5882352941176471,0.0,0.5208333333333333,hshr01,7,20120606,1.0,7,POINT (131.0620726815403 -12.41656582387474),131.0620726815403,-12.416565823874741
Lophostemon lactifluus,45.0,3.0,26.47058823529412,13.636363636363635,25.0,hshr01,7,20120606,1.0,7,POINT (131.0620726815403 -12.41656582387474),131.0620726815403,-12.416565823874741
Mallotus nesophilus,9.0,0.0,5.294117647058823,0.0,4.6875,hshr01,7,20120606,1.0,7,POINT (131.0620726815403 -12.41656582387474),131.0620726815403,-12.416565823874741
P. careya,29.0,0.0,17.058823529411764,0.0,15.104166666666666,hshr01,7,20120606,1.0,7,POINT (131.0620726815403 -12.41656582387474),131.0620726815403,-12.416565823874741
Premna acuminata,3.0,0.0,1.7647058823529411,0.0,1.5625,hshr01,7,20120606,1.0,7,POINT (131.0620726815403 -12.41656582387474),131.0620726815403,-12.416565823874741
Sterculia quadrifida,1.0,0.0,0.5882352941176471,0.0,0.5208333333333333,hshr01,7,20120606,1.0,7,POINT (131.0620726815403 -12.41656582387474),131.0620726815403,-12.416565823874741
Syzygium suborbiculare,2.0,0.0,1.1764705882352942,0.0,1.0416666666666665,hshr01,7,20120606,1.0,7,POINT (131.0620726815403 -12.41656582387474),131.0620726815403,-12.416565823874741
dead,0.0,6.0,0.0,27.27272727272727,3.125,hshr01,7,20120606,1.0,7,POINT (131.0620726815403 -12.41656582387474),131.0620726815403,-12.416565823874741
Callitris intratropica ,266.0,7.0,98.1549815498155,100.0,98.20143884892086,hsf01,8,20120710,0.5,7,POINT (131.0313293128634 -12.46929017974765),131.03132931286336,-12.469290179747652
Corymbia bleeseri,1.0,0.0,0.36900369003690037,0.0,0.3597122302158274,hsf01,8,20120710,0.5,7,POINT (131.0313293128634 -12.46929017974765),131.03132931286336,-12.469290179747652
E. chlorostachys,1.0,0.0,0.36900369003690037,0.0,0.3597122302158274,hsf01,8,20120710,0.5,7,POINT (131.0313293128634 -12.46929017974765),131.03132931286336,-12.469290179747652
E. miniata,3.0,0.0,1.107011070110701,0.0,1.079136690647482,hsf01,8,20120710,0.5,7,POINT (131.0313293128634 -12.46929017974765),131.03132931286336,-12.469290179747652
Buchanania obovata,1.0,0.0,0.36231884057971014,0.0,0.35211267605633806,hsf02,9,20120710,0.5,7,POINT (131.0461940004585 -12.47308223995816),131.04619400045854,-12.473082239958163
Callitris intratropica ,260.0,7.0,94.20289855072464,87.5,94.01408450704226,hsf02,9,20120710,0.5,7,POINT (131.0461940004585 -12.47308223995816),131.04619400045854,-12.473082239958163
E. miniata,1.0,0.0,0.36231884057971014,0.0,0.35211267605633806,hsf02,9,20120710,0.5,7,POINT (131.0461940004585 -12.47308223995816),131.04619400045854,-12.473082239958163
E. tetrodonta,14.0,1.0,5.072463768115942,12.5,5.28169014084507,hsf02,9,20120710,0.5,7,POINT (131.0461940004585 -12.47308223995816),131.04619400045854,-12.473082239958163
Buchanania obovata,1.0,0.0,0.4524886877828055,0.0,0.42016806722689076,wedo01,10,20120606,0.1,7,POINT (131.0050186100947 -12.60400827072699),131.0050186100947,-12.604008270726993
Corymbia polycarpa,23.0,0.0,10.407239819004525,0.0,9.663865546218489,wedo01,10,20120606,0.1,7,POINT (131.0050186100947 -12.60400827072699),131.0050186100947,-12.604008270726993
Corymbia polysciada,32.0,0.0,14.479638009049776,0.0,13.445378151260504,wedo01,10,20120606,0.1,7,POINT (131.0050186100947 -12.60400827072699),131.0050186100947,-12.604008270726993
E. chlorostachys,67.0,0.0,30.316742081447963,0.0,28.15126050420168,wedo01,10,20120606,0.1,7,POINT (131.0050186100947 -12.60400827072699),131.0050186100947,-12.604008270726993
E. miniata,17.0,2.0,7.6923076923076925,11.76470588235294,7.9831932773109235,wedo01,10,20120606,0.1,7,POINT (131.0050186100947 -12.60400827072699),131.0050186100947,-12.604008270726993
E. tetrodonta,19.0,0.0,8.597285067873303,0.0,7.9831932773109235,wedo01,10,20120606,0.1,7,POINT (131.0050186100947 -12.60400827072699),131.0050186100947,-12.604008270726993
Grevillea pteridifolia,3.0,0.0,1.3574660633484164,0.0,1.2605042016806722,wedo01,10,20120606,0.1,7,POINT (131.0050186100947 -12.60400827072699),131.0050186100947,-12.604008270726993
L. humilis,43.0,0.0,19.457013574660635,0.0,18.067226890756302,wedo01,10,20120606,0.1,7,POINT (131.0050186100947 -12.60400827072699),131.0050186100947,-12.604008270726993
Lophostemon lactifluus,9.0,0.0,4.072398190045249,0.0,3.7815126050420167,wedo01,10,20120606,0.1,7,POINT (131.0050186100947 -12.60400827072699),131.0050186100947,-12.604008270726993
P. spiralis,3.0,0.0,1.3574660633484164,0.0,1.2605042016806722,wedo01,10,20120606,0.1,7,POINT (131.0050186100947 -12.60400827072699),131.0050186100947,-12.604008270726993
Terminalia ferdinandiana,2.0,0.0,0.904977375565611,0.0,0.8403361344537815,wedo01,10,20120606,0.1,7,POINT (131.0050186100947 -12.60400827072699),131.0050186100947,-12.604008270726993
dead,2.0,15.0,0.904977375565611,88.23529411764706,7.142857142857142,wedo01,10,20120606,0.1,7,POINT (131.0050186100947 -12.60400827072699),131.0050186100947,-12.604008270726993
C. armstrongii,9.0,1.0,4.477611940298507,6.25,4.6082949308755765,wedo03,11,20120710,0.25,7,POINT (130.9831230543892 -12.5339548490209),130.98312305438918,-12.5339548490209
Corymbia bleeseri,19.0,1.0,9.45273631840796,6.25,9.216589861751153,wedo03,11,20120710,0.25,7,POINT (130.9831230543892 -12.5339548490209),130.98312305438918,-12.5339548490209
Corymbia polysciada,3.0,0.0,1.4925373134328357,0.0,1.3824884792626728,wedo03,11,20120710,0.25,7,POINT (130.9831230543892 -12.5339548490209),130.98312305438918,-12.5339548490209
Corymbia porrecta,3.0,1.0,1.4925373134328357,6.25,1.8433179723502304,wedo03,11,20120710,0.25,7,POINT (130.9831230543892 -12.5339548490209),130.98312305438918,-12.5339548490209
E. chlorostachys,18.0,2.0,8.955223880597014,12.5,9.216589861751153,wedo03,11,20120710,0.25,7,POINT (130.9831230543892 -12.5339548490209),130.98312305438918,-12.5339548490209
E. miniata,47.0,3.0,23.383084577114428,18.75,23.04147465437788,wedo03,11,20120710,0.25,7,POINT (130.9831230543892 -12.5339548490209),130.98312305438918,-12.5339548490209
E. tetrodonta,84.0,3.0,41.7910447761194,18.75,40.09216589861751,wedo03,11,20120710,0.25,7,POINT (130.9831230543892 -12.5339548490209),130.98312305438918,-12.5339548490209
L. humilis,10.0,1.0,4.975124378109453,6.25,5.0691244239631335,wedo03,11,20120710,0.25,7,POINT (130.9831230543892 -12.5339548490209),130.98312305438918,-12.5339548490209
P. careya,6.0,3.0,2.9850746268656714,18.75,4.147465437788019,wedo03,11,20120710,0.25,7,POINT (130.9831230543892 -12.5339548490209),130.98312305438918,-12.5339548490209
xanta dara,2.0,1.0,0.9950248756218906,6.25,1.3824884792626728,wedo03,11,20120710,0.25,7,POINT (130.9831230543892 -12.5339548490209),130.98312305438918,-12.5339548490209
Eucalyptus brevifolia,0.0,2.0,0.0,100.0,66.66666666666666,wh01,49,20120724,0.0,7,POINT (130.6532157921631 -18.31198448638299),130.6532157921631,-18.31198448638299
Ventilago viminalis,1.0,0.0,100.0,0.0,33.33333333333333,wh01,49,20120724,0.0,7,POINT (130.6532157921631 -18.31198448638299),130.6532157921631,-18.31198448638299
Corymbia terminalis,1.0,0.0,14.285714285714285,0.0,7.6923076923076925,wh02,50,20120724,0.1,7,POINT (130.6792955259559 -18.23425249677285),130.67929552595592,-18.23425249677285
Eucalyptus brevifolia,1.0,1.0,14.285714285714285,16.666666666666664,15.384615384615385,wh02,50,20120724,0.1,7,POINT (130.6792955259559 -18.23425249677285),130.67929552595592,-18.23425249677285
Eucalyptus pruinosa,5.0,5.0,71.42857142857143,83.33333333333334,76.92307692307693,wh02,50,20120724,0.1,7,POINT (130.6792955259559 -18.23425249677285),130.67929552595592,-18.23425249677285
Acacia nilotoca,13.0,0.0,100.0,,100.0,wh07,55,20120725,0.1,7,POINT (130.8552135367406 -17.73062025621337),130.8552135367406,-17.73062025621337
Calotropis procera,25.0,1.0,100.0,100.0,100.0,wh10,58,20120726,0.0,7,POINT (130.9038111726721 -17.59148788016332),130.90381117267208,-17.59148788016332
Calotropis procera,4.0,0.0,66.66666666666666,,66.66666666666666,wh11,59,20120726,0.0,7,POINT (130.8895004747779 -17.51147571528814),130.88950047477795,-17.511475715288142
Corymbia terminalis,1.0,0.0,16.666666666666664,,16.666666666666664,wh11,59,20120726,0.0,7,POINT (130.8895004747779 -17.51147571528814),130.88950047477795,-17.511475715288142
Terminalia arostrata,1.0,0.0,16.666666666666664,,16.666666666666664,wh11,59,20120726,0.0,7,POINT (130.8895004747779 -17.51147571528814),130.88950047477795,-17.511475715288142
Corymbia terminalis,1.0,0.0,100.0,,100.0,wh12,60,20120726,0.0,7,POINT (130.9071604034107 -17.47758819750155),130.90716040341067,-17.477588197501547
Atalaya hemiglauca,4.0,0.0,22.22222222222222,,22.22222222222222,wh14,62,20120726,0.0,7,POINT (130.9837969381027 -17.46400869139908),130.98379693810267,-17.464008691399084
Corymbia terminalis,1.0,0.0,5.555555555555555,,5.555555555555555,wh14,62,20120726,0.0,7,POINT (130.9837969381027 -17.46400869139908),130.98379693810267,-17.464008691399084
Terminalia arostrata,13.0,0.0,72.22222222222221,,72.22222222222221,wh14,62,20120726,0.0,7,POINT (130.9837969381027 -17.46400869139908),130.98379693810267,-17.464008691399084
Terminalia arostrata,1.0,0.0,100.0,,100.0,vrd16,64,20120727,0.1,7,POINT (130.8824382767118 -17.2742162119834),130.8824382767118,-17.274216211983404
Calotropis procera,1.0,0.0,12.5,,12.5,vrd18,66,20120728,0.0,7,POINT (130.9314352361485 -17.20292485702337),130.93143523614847,-17.202924857023365
Terminalia arostrata,5.0,0.0,62.5,,62.5,vrd18,66,20120728,0.0,7,POINT (130.9314352361485 -17.20292485702337),130.93143523614847,-17.202924857023365
Terminalia volucris,2.0,0.0,25.0,,25.0,vrd18,66,20120728,0.0,7,POINT (130.9314352361485 -17.20292485702337),130.93143523614847,-17.202924857023365
Calotropis procera,1.0,0.0,12.5,,12.5,vrd19,67,20120728,0.0,7,POINT (130.9116430929667 -17.15118826472791),130.9116430929667,-17.151188264727907
Terminalia arostrata,7.0,0.0,87.5,,87.5,vrd19,67,20120728,0.0,7,POINT (130.9116430929667 -17.15118826472791),130.9116430929667,-17.151188264727907
Corymbia terminalis,1.0,0.0,11.11111111111111,,11.11111111111111,vrd20,68,20120728,0.1,7,POINT (130.899049606386 -17.10211884294857),130.89904960638597,-17.102118842948574
Terminalia arostrata,8.0,0.0,88.88888888888889,,88.88888888888889,vrd20,68,20120728,0.1,7,POINT (130.899049606386 -17.10211884294857),130.89904960638597,-17.102118842948574
Terminalia arostrata,4.0,0.0,100.0,,100.0,vrd21,69,20120728,0.0,7,POINT (131.0197607639948 -17.06825405317471),131.0197607639948,-17.06825405317471
Terminalia arostrata,15.0,1.0,100.0,100.0,100.0,vrd22,70,20120728,0.1,7,POINT (131.0941015279007 -17.03746067890086),131.0941015279007,-17.037460678900857
Corymbia terminalis,2.0,0.0,9.090909090909092,,9.090909090909092,vrd23,71,20120729,0.1,7,POINT (131.05614305432 -16.99375008452092),131.05614305432005,-16.99375008452092
Terminalia arostrata,20.0,0.0,90.9090909090909,,90.9090909090909,vrd23,71,20120729,0.1,7,POINT (131.05614305432 -16.99375008452092),131.05614305432005,-16.99375008452092
Corymbia terminalis,4.0,0.0,57.14285714285714,,57.14285714285714,vrd25,73,20120730,0.1,7,POINT (131.061492944338 -16.66762118150601),131.061492944338,-16.667621181506014
Terminalia arostrata,2.0,0.0,28.57142857142857,,28.57142857142857,vrd25,73,20120730,0.1,7,POINT (131.061492944338 -16.66762118150601),131.061492944338,-16.667621181506014
Terminalia canescens,1.0,0.0,14.285714285714285,,14.285714285714285,vrd25,73,20120730,0.1,7,POINT (131.061492944338 -16.66762118150601),131.061492944338,-16.667621181506014
Bauhinia cunninghamii,1.0,0.0,100.0,,100.0,vrd27,75,20120730,0.0,7,POINT (131.1460358590447 -16.63973131203262),131.1460358590447,-16.639731312032623
Bauhinia cunninghamii,3.0,0.0,8.333333333333332,,8.333333333333332,vrd28,76,20120731,0.0,7,POINT (131.1678276660139 -16.54978357546342),131.16782766601392,-16.54978357546342
Terminalia arostrata,25.0,0.0,69.44444444444444,,69.44444444444444,vrd28,76,20120731,0.0,7,POINT (131.1678276660139 -16.54978357546342),131.16782766601392,-16.54978357546342
Terminalia volucris,8.0,0.0,22.22222222222222,,22.22222222222222,vrd28,76,20120731,0.0,7,POINT (131.1678276660139 -16.54978357546342),131.16782766601392,-16.54978357546342
Acacia holosericea,1.0,0.0,0.7518796992481203,0.0,0.6896551724137931,vrd30,78,20120731,0.25,7,POINT (131.1141672006653 -16.33828722537855),131.1141672006653,-16.33828722537855
Bauhinia cunninghamii,1.0,0.0,0.7518796992481203,0.0,0.6896551724137931,vrd30,78,20120731,0.25,7,POINT (131.1141672006653 -16.33828722537855),131.1141672006653,-16.33828722537855
Eucalyptus tectifica,122.0,12.0,91.72932330827066,100.0,92.41379310344827,vrd30,78,20120731,0.25,7,POINT (131.1141672006653 -16.33828722537855),131.1141672006653,-16.33828722537855
Exocarpos parvifolia,9.0,0.0,6.7669172932330826,0.0,6.206896551724138,vrd30,78,20120731,0.25,7,POINT (131.1141672006653 -16.33828722537855),131.1141672006653,-16.33828722537855
Atalaya hemiglauca,1.0,0.0,25.0,,25.0,vrd32,80,20120801,0.1,7,POINT (131.2389273242553 -16.20861252510795),131.23892732425526,-16.208612525107945
Calotropis procera,3.0,0.0,75.0,,75.0,vrd32,80,20120801,0.1,7,POINT (131.2389273242553 -16.20861252510795),131.23892732425526,-16.208612525107945
Bauhinia cunninghamii,3.0,0.0,100.0,,100.0,vrd33,81,20120801,0.1,7,POINT (131.1609540906896 -16.16051509785714),131.16095409068964,-16.16051509785714
Eucalyptus microtheca,202.0,45.0,98.05825242718447,100.0,98.40637450199203,vrd37,85,20120802,0.25,7,POINT (131.1414392616969 -16.17483383207252),131.14143926169695,-16.174833832072515
Exocarpos parvifolia,4.0,0.0,1.9417475728155338,0.0,1.593625498007968,vrd37,85,20120802,0.25,7,POINT (131.1414392616969 -16.17483383207252),131.14143926169695,-16.174833832072515
Acacia sp.,23.0,3.0,20.0,60.0,21.666666666666668,legu01,97,20121005,0.1,7,POINT (129.255269100413 -15.38266189591625),129.25526910041296,-15.382661895916248
Corymbia polycarpa,21.0,2.0,18.26086956521739,40.0,19.166666666666668,legu01,97,20121005,0.1,7,POINT (129.255269100413 -15.38266189591625),129.25526910041296,-15.382661895916248
Melaleuca nervoa,13.0,0.0,11.304347826086957,0.0,10.833333333333334,legu01,97,20121005,0.1,7,POINT (129.255269100413 -15.38266189591625),129.25526910041296,-15.382661895916248
Melaleuca viridiflora,58.0,0.0,50.43478260869565,0.0,48.333333333333336,legu01,97,20121005,0.1,7,POINT (129.255269100413 -15.38266189591625),129.25526910041296,-15.382661895916248
Corymbia ferruginea,10.0,0.0,5.952380952380952,0.0,5.813953488372093,legu04,100,20121007,0.1,7,POINT (129.2575227692612 -15.3966997204538),129.25752276926121,-15.396699720453805
E. chlorostachys,27.0,0.0,16.071428571428573,0.0,15.69767441860465,legu04,100,20121007,0.1,7,POINT (129.2575227692612 -15.3966997204538),129.25752276926121,-15.396699720453805
E. tetrodonta,92.0,4.0,54.761904761904766,100.0,55.81395348837209,legu04,100,20121007,0.1,7,POINT (129.2575227692612 -15.3966997204538),129.25752276926121,-15.396699720453805
Eucalyptus tectifica,14.0,0.0,8.333333333333332,0.0,8.13953488372093,legu04,100,20121007,0.1,7,POINT (129.2575227692612 -15.3966997204538),129.25752276926121,-15.396699720453805
Grevillea decurrens,8.0,0.0,4.761904761904762,0.0,4.651162790697675,legu04,100,20121007,0.1,7,POINT (129.2575227692612 -15.3966997204538),129.25752276926121,-15.396699720453805
Terminalia canescens,14.0,0.0,8.333333333333332,0.0,8.13953488372093,legu04,100,20121007,0.1,7,POINT (129.2575227692612 -15.3966997204538),129.25752276926121,-15.396699720453805
Terminalia carpentariae,3.0,0.0,1.7857142857142856,0.0,1.744186046511628,legu04,100,20121007,0.1,7,POINT (129.2575227692612 -15.3966997204538),129.25752276926121,-15.396699720453805
Acacia sp.,175.0,10.0,73.83966244725738,62.5,73.12252964426878,legu05,101,20121007,0.1,7,POINT (129.2408384363864 -15.38571570105419),129.24083843638635,-15.385715701054187
E. miniata,41.0,4.0,17.29957805907173,25.0,17.786561264822133,legu05,101,20121007,0.1,7,POINT (129.2408384363864 -15.38571570105419),129.24083843638635,-15.385715701054187
E. tetrodonta,17.0,2.0,7.172995780590717,12.5,7.5098814229249005,legu05,101,20121007,0.1,7,POINT (129.2408384363864 -15.38571570105419),129.24083843638635,-15.385715701054187
Petalostigma pubescens,1.0,0.0,0.42194092827004215,0.0,0.3952569169960474,legu05,101,20121007,0.1,7,POINT (129.2408384363864 -15.38571570105419),129.24083843638635,-15.385715701054187
Terminalia carpentariae,3.0,0.0,1.2658227848101267,0.0,1.185770750988142,legu05,101,20121007,0.1,7,POINT (129.2408384363864 -15.38571570105419),129.24083843638635,-15.385715701054187
Acacia holosericea,43.0,0.0,26.060606060606062,0.0,25.748502994011975,legu06,102,20121007,0.25,7,POINT (129.1757727302824 -15.32569976706283),129.17577273028243,-15.325699767062831
Alstonia species,1.0,0.0,0.6060606060606061,0.0,0.5988023952095809,legu06,102,20121007,0.25,7,POINT (129.1757727302824 -15.32569976706283),129.17577273028243,-15.325699767062831
Corymbia bella,64.0,2.0,38.78787878787879,100.0,39.52095808383233,legu06,102,20121007,0.25,7,POINT (129.1757727302824 -15.32569976706283),129.17577273028243,-15.325699767062831
Corymbia polycarpa,21.0,0.0,12.727272727272727,0.0,12.574850299401197,legu06,102,20121007,0.25,7,POINT (129.1757727302824 -15.32569976706283),129.17577273028243,-15.325699767062831
Ficus scobina,7.0,0.0,4.242424242424243,0.0,4.191616766467066,legu06,102,20121007,0.25,7,POINT (129.1757727302824 -15.32569976706283),129.17577273028243,-15.325699767062831
Lysiphyllum cunninghamii,3.0,0.0,1.8181818181818181,0.0,1.7964071856287425,legu06,102,20121007,0.25,7,POINT (129.1757727302824 -15.32569976706283),129.17577273028243,-15.325699767062831
P. careya,17.0,0.0,10.303030303030303,0.0,10.179640718562874,legu06,102,20121007,0.25,7,POINT (129.1757727302824 -15.32569976706283),129.17577273028243,-15.325699767062831
Strychnos lucida,1.0,0.0,0.6060606060606061,0.0,0.5988023952095809,legu06,102,20121007,0.25,7,POINT (129.1757727302824 -15.32569976706283),129.17577273028243,-15.325699767062831
Terminalia grandiflora,8.0,0.0,4.848484848484849,0.0,4.790419161676647,legu06,102,20121007,0.25,7,POINT (129.1757727302824 -15.32569976706283),129.17577273028243,-15.325699767062831
Acacia sp.,17.0,4.0,8.629441624365482,33.33333333333333,10.047846889952153,legu07,103,20121008,0.25,7,POINT (129.1284810954015 -15.3798780829197),129.12848109540147,-15.379878082919705
Buchanania obovata,11.0,0.0,5.583756345177665,0.0,5.263157894736842,legu07,103,20121008,0.25,7,POINT (129.1284810954015 -15.3798780829197),129.12848109540147,-15.379878082919705
E. miniata,92.0,8.0,46.7005076142132,66.66666666666666,47.84688995215311,legu07,103,20121008,0.25,7,POINT (129.1284810954015 -15.3798780829197),129.12848109540147,-15.379878082919705
E. tetrodonta,26.0,0.0,13.19796954314721,0.0,12.440191387559809,legu07,103,20121008,0.25,7,POINT (129.1284810954015 -15.3798780829197),129.12848109540147,-15.379878082919705
Grevillea agrifolia,1.0,0.0,0.5076142131979695,0.0,0.4784688995215311,legu07,103,20121008,0.25,7,POINT (129.1284810954015 -15.3798780829197),129.12848109540147,-15.379878082919705
Owinea sp.,1.0,0.0,0.5076142131979695,0.0,0.4784688995215311,legu07,103,20121008,0.25,7,POINT (129.1284810954015 -15.3798780829197),129.12848109540147,-15.379878082919705
P. careya,17.0,0.0,8.629441624365482,0.0,8.133971291866029,legu07,103,20121008,0.25,7,POINT (129.1284810954015 -15.3798780829197),129.12848109540147,-15.379878082919705
P. pubescens,3.0,0.0,1.5228426395939088,0.0,1.4354066985645932,legu07,103,20121008,0.25,7,POINT (129.1284810954015 -15.3798780829197),129.12848109540147,-15.379878082919705
Persoonia falcata,2.0,0.0,1.015228426395939,0.0,0.9569377990430622,legu07,103,20121008,0.25,7,POINT (129.1284810954015 -15.3798780829197),129.12848109540147,-15.379878082919705
Petalostigma pubescens,16.0,0.0,8.121827411167512,0.0,7.655502392344498,legu07,103,20121008,0.25,7,POINT (129.1284810954015 -15.3798780829197),129.12848109540147,-15.379878082919705
Terminalia carpentariae,11.0,0.0,5.583756345177665,0.0,5.263157894736842,legu07,103,20121008,0.25,7,POINT (129.1284810954015 -15.3798780829197),129.12848109540147,-15.379878082919705
Buchanania obovata,16.0,0.0,7.5829383886255926,0.0,6.694560669456067,legu08,104,20121008,0.1,7,POINT (129.1704052370461 -15.43840763238658),129.1704052370461,-15.438407632386578
E. miniata,104.0,22.0,49.28909952606635,78.57142857142857,52.719665271966534,legu08,104,20121008,0.1,7,POINT (129.1704052370461 -15.43840763238658),129.1704052370461,-15.438407632386578
E. tetrodonta,78.0,6.0,36.96682464454976,21.428571428571427,35.146443514644346,legu08,104,20121008,0.1,7,POINT (129.1704052370461 -15.43840763238658),129.1704052370461,-15.438407632386578
Grevillea agrifolia,4.0,0.0,1.8957345971563981,0.0,1.6736401673640167,legu08,104,20121008,0.1,7,POINT (129.1704052370461 -15.43840763238658),129.1704052370461,-15.438407632386578
P. careya,3.0,0.0,1.4218009478672986,0.0,1.2552301255230125,legu08,104,20121008,0.1,7,POINT (129.1704052370461 -15.43840763238658),129.1704052370461,-15.438407632386578
Terminalia carpentariae,6.0,0.0,2.843601895734597,0.0,2.510460251046025,legu08,104,20121008,0.1,7,POINT (129.1704052370461 -15.43840763238658),129.1704052370461,-15.438407632386578
Buchanania obovata,4.0,0.0,2.9850746268656714,0.0,2.7777777777777777,centa14,13,20120602,0.25,7,POINT (133.292002658622 -14.40307482551382),133.292002658622,-14.403074825513823
Corymbia dichromphloia,49.0,4.0,36.56716417910448,40.0,36.80555555555556,centa14,13,20120602,0.25,7,POINT (133.292002658622 -14.40307482551382),133.292002658622,-14.403074825513823
E. chlorostachys,8.0,1.0,5.970149253731343,10.0,6.25,centa14,13,20120602,0.25,7,POINT (133.292002658622 -14.40307482551382),133.292002658622,-14.403074825513823
E. tetrodonta,73.0,5.0,54.47761194029851,50.0,54.166666666666664,centa14,13,20120602,0.25,7,POINT (133.292002658622 -14.40307482551382),133.292002658622,-14.403074825513823
Acacia lamprocarpa,3.0,0.0,1.9607843137254901,0.0,1.935483870967742,gulf10,14,20130716,0.25,7,POINT (136.2793503004659 -16.02554408027193),136.27935030046595,-16.02554408027193
Buchanania obovata,6.0,0.0,3.9215686274509802,0.0,3.870967741935484,gulf10,14,20130716,0.25,7,POINT (136.2793503004659 -16.02554408027193),136.27935030046595,-16.02554408027193
Corymbia ferruginea,1.0,0.0,0.6535947712418301,0.0,0.6451612903225806,gulf10,14,20130716,0.25,7,POINT (136.2793503004659 -16.02554408027193),136.27935030046595,-16.02554408027193
Corymbia grandifolia,4.0,0.0,2.6143790849673203,0.0,2.5806451612903225,gulf10,14,20130716,0.25,7,POINT (136.2793503004659 -16.02554408027193),136.27935030046595,-16.02554408027193
E. chlorostachys,8.0,0.0,5.228758169934641,0.0,5.161290322580645,gulf10,14,20130716,0.25,7,POINT (136.2793503004659 -16.02554408027193),136.27935030046595,-16.02554408027193
E. miniata,79.0,2.0,51.633986928104584,100.0,52.25806451612903,gulf10,14,20130716,0.25,7,POINT (136.2793503004659 -16.02554408027193),136.27935030046595,-16.02554408027193
E. tetrodonta,44.0,0.0,28.75816993464052,0.0,28.387096774193548,gulf10,14,20130716,0.25,7,POINT (136.2793503004659 -16.02554408027193),136.27935030046595,-16.02554408027193
Eucalyptus tectifica,8.0,0.0,5.228758169934641,0.0,5.161290322580645,gulf10,14,20130716,0.25,7,POINT (136.2793503004659 -16.02554408027193),136.27935030046595,-16.02554408027193
Acacia stenophylla,80.0,12.0,69.56521739130434,80.0,70.76923076923077,ant06,36,20120625,0.25,7,POINT (135.152522154062 -18.26630838901649),135.152522154062,-18.266308389016487
Eucalyptus microtheca,35.0,3.0,30.434782608695656,20.0,29.230769230769234,ant06,36,20120625,0.25,7,POINT (135.152522154062 -18.26630838901649),135.152522154062,-18.266308389016487
Acacia hemignosta,2.0,0.0,1.834862385321101,0.0,1.5151515151515151,el02,87,20130414,0.1,7,POINT (133.528790900227 -17.52949263005511),133.528790900227,-17.52949263005511
Acacia holosericea,1.0,0.0,0.9174311926605505,0.0,0.7575757575757576,el02,87,20130414,0.1,7,POINT (133.528790900227 -17.52949263005511),133.528790900227,-17.52949263005511
Atalaya hemiglauca,4.0,0.0,3.669724770642202,0.0,3.0303030303030303,el02,87,20130414,0.1,7,POINT (133.528790900227 -17.52949263005511),133.528790900227,-17.52949263005511
Bauhinia cunninghamii,84.0,20.0,77.06422018348624,86.95652173913044,78.78787878787878,el02,87,20130414,0.1,7,POINT (133.528790900227 -17.52949263005511),133.528790900227,-17.52949263005511
Corymbia dichromphloia,9.0,3.0,8.256880733944955,13.043478260869565,9.090909090909092,el02,87,20130414,0.1,7,POINT (133.528790900227 -17.52949263005511),133.528790900227,-17.52949263005511
Corymbia terminalis,1.0,0.0,0.9174311926605505,0.0,0.7575757575757576,el02,87,20130414,0.1,7,POINT (133.528790900227 -17.52949263005511),133.528790900227,-17.52949263005511
Gyrocarpus sp.,8.0,0.0,7.339449541284404,0.0,6.0606060606060606,el02,87,20130414,0.1,7,POINT (133.528790900227 -17.52949263005511),133.528790900227,-17.52949263005511
