site_name,visit_date,latitude,longitude,species,ba_m2ha,uid,datum,geometry,co_ef_nme,leaves,leaves_r2,twigs,bark,bark_r2,wood,wood_r2,branches,branches_r2,stems,stems_r2,agb,agb_r2,root,root_r2,tot_bm,c_leaves,c_twigs,c_bark,c_wood,c_branches,c_stems,c_agb,c_roots
NTAARP0001,20160602,-13.55729,132.2701,Acacia mimula,1.05,1,gda94,POINT (132.2701 -13.55729),Tefe,93.0,0.89,97.0,379.0,0.92,1233.0,0.92,935.0,0.83,1612.0,0.92,2640.0,0.91,542.0,0.57,3182.0,97.65,101.85000000000001,397.95,1294.65,981.75,1692.6000000000001,2772.0,569.1
NTAARP0001,20160602,-13.55729,132.2701,Buchanania obovata,0.583333333333333,1,gda94,POINT (132.2701 -13.55729),Tefe,93.0,0.89,97.0,379.0,0.92,1233.0,0.92,935.0,0.83,1612.0,0.92,2640.0,0.91,542.0,0.57,3182.0,54.24999999999997,56.58333333333331,221.08333333333323,719.2499999999997,545.4166666666664,940.3333333333328,1539.9999999999993,316.1666666666665
NTAARP0001,20160602,-13.55729,132.2701,Erythrophleum chlorostachys,2.16666666666667,1,gda94,POINT (132.2701 -13.55729),Erch,154.0,0.75,160.0,401.0,0.95,1044.0,0.92,814.0,0.62,1445.0,0.93,2413.0,0.82,542.0,0.57,2955.0,333.6666666666672,346.6666666666672,868.8333333333347,2262.0000000000036,1763.6666666666695,3130.833333333338,5228.166666666675,1174.333333333335
NTAARP0001,20160602,-13.55729,132.2701,Eucalyptus tetrodonta,14.8333333333333,1,gda94,POINT (132.2701 -13.55729),Eute,122.0,0.84,127.0,341.0,0.99,2161.0,0.93,799.0,0.85,2502.0,0.95,3403.0,0.97,542.0,0.57,3945.0,1809.6666666666626,1883.8333333333292,5058.166666666655,32054.833333333263,11851.833333333307,37112.99999999992,50477.83333333322,8039.666666666649
NTAARP0001,20160602,-13.55729,132.2701,Owenia vernicosa,0.2,1,gda94,POINT (132.2701 -13.55729),Tefe,93.0,0.89,97.0,379.0,0.92,1233.0,0.92,935.0,0.83,1612.0,0.92,2640.0,0.91,542.0,0.57,3182.0,18.6,19.400000000000002,75.8,246.60000000000002,187.0,322.40000000000003,528.0,108.4
NTAARP0001,20160602,-13.55729,132.2701,Terminalia ferdinandiana,0.622222222222222,1,gda94,POINT (132.2701 -13.55729),Tefe,93.0,0.89,97.0,379.0,0.92,1233.0,0.92,935.0,0.83,1612.0,0.92,2640.0,0.91,542.0,0.57,3182.0,57.866666666666646,60.35555555555553,235.82222222222214,767.1999999999997,581.7777777777776,1003.0222222222219,1642.666666666666,337.24444444444435
NTAARP0002,20160602,-13.54561,132.2944,Acacia mimula,0.894444444444444,2,gda94,POINT (132.2944 -13.54561),Tefe,93.0,0.89,97.0,379.0,0.92,1233.0,0.92,935.0,0.83,1612.0,0.92,2640.0,0.91,542.0,0.57,3182.0,83.1833333333333,86.76111111111108,338.9944444444443,1102.8499999999995,836.3055555555552,1441.8444444444438,2361.333333333332,484.78888888888866
NTAARP0002,20160602,-13.54561,132.2944,Blepharocarya depauperata,0.75,2,gda94,POINT (132.2944 -13.54561),Tefe,93.0,0.89,97.0,379.0,0.92,1233.0,0.92,935.0,0.83,1612.0,0.92,2640.0,0.91,542.0,0.57,3182.0,69.75,72.75,284.25,924.75,701.25,1209.0,1980.0,406.5
NTAARP0002,20160602,-13.54561,132.2944,Erythrophleum chlorostachys,1.66666666666667,2,gda94,POINT (132.2944 -13.54561),Erch,154.0,0.75,160.0,401.0,0.95,1044.0,0.92,814.0,0.62,1445.0,0.93,2413.0,0.82,542.0,0.57,2955.0,256.6666666666672,266.6666666666672,668.3333333333347,1740.0000000000036,1356.6666666666695,2408.333333333338,4021.6666666666747,903.3333333333352
NTAARP0002,20160602,-13.54561,132.2944,Eucalyptus tetrodonta,6.55555555555556,2,gda94,POINT (132.2944 -13.54561),Eute,122.0,0.84,127.0,341.0,0.99,2161.0,0.93,799.0,0.85,2502.0,0.95,3403.0,0.97,542.0,0.57,3945.0,799.7777777777783,832.5555555555561,2235.4444444444457,14166.555555555564,5237.888888888892,16402.00000000001,22308.55555555557,3553.1111111111136
NTAARP0002,20160602,-13.54561,132.2944,Gardenia megasperma,0.28,2,gda94,POINT (132.2944 -13.54561),Tefe,93.0,0.89,97.0,379.0,0.92,1233.0,0.92,935.0,0.83,1612.0,0.92,2640.0,0.91,542.0,0.57,3182.0,26.040000000000003,27.160000000000004,106.12,345.24,261.8,451.36000000000007,739.2,151.76000000000002
NTAARP0002,20160602,-13.54561,132.2944,Grevillea pteridifolia,0.4,2,gda94,POINT (132.2944 -13.54561),Tefe,93.0,0.89,97.0,379.0,0.92,1233.0,0.92,935.0,0.83,1612.0,0.92,2640.0,0.91,542.0,0.57,3182.0,37.2,38.800000000000004,151.6,493.20000000000005,374.0,644.8000000000001,1056.0,216.8
NTAARP0002,20160602,-13.54561,132.2944,Livistona humilis,3.375,2,gda94,POINT (132.2944 -13.54561),Tefe,93.0,0.89,97.0,379.0,0.92,1233.0,0.92,935.0,0.83,1612.0,0.92,2640.0,0.91,542.0,0.57,3182.0,313.875,327.375,1279.125,4161.375,3155.625,5440.5,8910.0,1829.25
NTAARP0002,20160602,-13.54561,132.2944,Owenia vernicosa,3.0,2,gda94,POINT (132.2944 -13.54561),Tefe,93.0,0.89,97.0,379.0,0.92,1233.0,0.92,935.0,0.83,1612.0,0.92,2640.0,0.91,542.0,0.57,3182.0,279.0,291.0,1137.0,3699.0,2805.0,4836.0,7920.0,1626.0
NTAARP0002,20160602,-13.54561,132.2944,Terminalia carpentariae,0.2,2,gda94,POINT (132.2944 -13.54561),Tefe,93.0,0.89,97.0,379.0,0.92,1233.0,0.92,935.0,0.83,1612.0,0.92,2640.0,0.91,542.0,0.57,3182.0,18.6,19.400000000000002,75.8,246.60000000000002,187.0,322.40000000000003,528.0,108.4
NTAARP0003,20160603,-13.51697,132.4571,Buchanania obovata,0.75,3,gda94,POINT (132.4571 -13.51697),Tefe,93.0,0.89,97.0,379.0,0.92,1233.0,0.92,935.0,0.83,1612.0,0.92,2640.0,0.91,542.0,0.57,3182.0,69.75,72.75,284.25,924.75,701.25,1209.0,1980.0,406.5
NTAARP0003,20160603,-13.51697,132.4571,Corymbia dichromophloia,1.7375,3,gda94,POINT (132.4571 -13.51697),Tefe,93.0,0.89,97.0,379.0,0.92,1233.0,0.92,935.0,0.83,1612.0,0.92,2640.0,0.91,542.0,0.57,3182.0,161.5875,168.5375,658.5125,2142.3375,1624.5625,2800.85,4587.0,941.725
NTAARP0003,20160603,-13.51697,132.4571,Erythrophleum chlorostachys,0.916666666666667,3,gda94,POINT (132.4571 -13.51697),Erch,154.0,0.75,160.0,401.0,0.95,1044.0,0.92,814.0,0.62,1445.0,0.93,2413.0,0.82,542.0,0.57,2955.0,141.1666666666667,146.6666666666667,367.5833333333334,957.0000000000003,746.1666666666669,1324.5833333333337,2211.9166666666674,496.8333333333335
NTAARP0003,20160603,-13.51697,132.4571,Eucalyptus tetrodonta,3.8625,3,gda94,POINT (132.4571 -13.51697),Eute,122.0,0.84,127.0,341.0,0.99,2161.0,0.93,799.0,0.85,2502.0,0.95,3403.0,0.97,542.0,0.57,3945.0,471.22499999999997,490.53749999999997,1317.1125,8346.8625,3086.1375,9663.975,13144.0875,2093.475
NTAARP0003,20160603,-13.51697,132.4571,Eucalyptus tintinnans,2.5,3,gda94,POINT (132.4571 -13.51697),Tefe,93.0,0.89,97.0,379.0,0.92,1233.0,0.92,935.0,0.83,1612.0,0.92,2640.0,0.91,542.0,0.57,3182.0,232.5,242.5,947.5,3082.5,2337.5,4030.0,6600.0,1355.0
NTAARP0003,20160603,-13.51697,132.4571,Livistona inermis,0.2,3,gda94,POINT (132.4571 -13.51697),Tefe,93.0,0.89,97.0,379.0,0.92,1233.0,0.92,935.0,0.83,1612.0,0.92,2640.0,0.91,542.0,0.57,3182.0,18.6,19.400000000000002,75.8,246.60000000000002,187.0,322.40000000000003,528.0,108.4
NTAARP0003,20160603,-13.51697,132.4571,Owenia vernicosa,2.0,3,gda94,POINT (132.4571 -13.51697),Tefe,93.0,0.89,97.0,379.0,0.92,1233.0,0.92,935.0,0.83,1612.0,0.92,2640.0,0.91,542.0,0.57,3182.0,186.0,194.0,758.0,2466.0,1870.0,3224.0,5280.0,1084.0
NTAARP0003,20160603,-13.51697,132.4571,Terminalia ferdinandiana,0.6,3,gda94,POINT (132.4571 -13.51697),Tefe,93.0,0.89,97.0,379.0,0.92,1233.0,0.92,935.0,0.83,1612.0,0.92,2640.0,0.91,542.0,0.57,3182.0,55.8,58.199999999999996,227.4,739.8,561.0,967.1999999999999,1584.0,325.2
NTADAC0001,20130528,-13.15835,130.7779,Acacia aulacocarpa,2.0,4,gda94,POINT (130.7779 -13.15835),Tefe,93.0,0.89,97.0,379.0,0.92,1233.0,0.92,935.0,0.83,1612.0,0.92,2640.0,0.91,542.0,0.57,3182.0,186.0,194.0,758.0,2466.0,1870.0,3224.0,5280.0,1084.0
NTADAC0001,20130528,-13.15835,130.7779,Erythrophleum chlorostachys,1.1,4,gda94,POINT (130.7779 -13.15835),Erch,154.0,0.75,160.0,401.0,0.95,1044.0,0.92,814.0,0.62,1445.0,0.93,2413.0,0.82,542.0,0.57,2955.0,169.4,176.0,441.1,1148.4,895.4000000000001,1589.5000000000002,2654.3,596.2
NTADAC0001,20130528,-13.15835,130.7779,Eucalyptus miniata,2.99444444444444,4,gda94,POINT (130.7779 -13.15835),Eumi,50.0,0.96,52.0,218.0,0.92,1829.0,0.95,375.0,0.79,2047.0,0.96,2472.0,0.96,542.0,0.57,3014.0,149.722222222222,155.71111111111088,652.7888888888879,5476.838888888881,1122.916666666665,6129.627777777769,7402.2666666666555,1622.9888888888865
NTADAC0001,20130528,-13.15835,130.7779,Eucalyptus tetrodonta,6.5,4,gda94,POINT (130.7779 -13.15835),Eute,122.0,0.84,127.0,341.0,0.99,2161.0,0.93,799.0,0.85,2502.0,0.95,3403.0,0.97,542.0,0.57,3945.0,793.0,825.5,2216.5,14046.5,5193.5,16263.0,22119.5,3523.0
NTADAC0001,20130528,-13.15835,130.7779,Livistona humilis,3.5,4,gda94,POINT (130.7779 -13.15835),Tefe,93.0,0.89,97.0,379.0,0.92,1233.0,0.92,935.0,0.83,1612.0,0.92,2640.0,0.91,542.0,0.57,3182.0,325.5,339.5,1326.5,4315.5,3272.5,5642.0,9240.0,1897.0
NTADAC0002,20160506,-12.73922,132.3403,Erythrophleum chlorostachys,0.827777777777778,5,gda94,POINT (132.3403 -12.73922),Erch,154.0,0.75,160.0,401.0,0.95,1044.0,0.92,814.0,0.62,1445.0,0.93,2413.0,0.82,542.0,0.57,2955.0,127.4777777777778,132.44444444444446,331.938888888889,864.2000000000002,673.8111111111112,1196.1388888888891,1997.4277777777781,448.6555555555556
NTADAC0002,20160506,-12.73922,132.3403,Eucalyptus miniata,4.16666666666667,5,gda94,POINT (132.3403 -12.73922),Eumi,50.0,0.96,52.0,218.0,0.92,1829.0,0.95,375.0,0.79,2047.0,0.96,2472.0,0.96,542.0,0.57,3014.0,208.33333333333348,216.66666666666683,908.3333333333339,7620.8333333333385,1562.5000000000011,8529.166666666673,10300.000000000007,2258.333333333335
NTADAC0002,20160506,-12.73922,132.3403,Eucalyptus tetrodonta,5.0,5,gda94,POINT (132.3403 -12.73922),Eute,122.0,0.84,127.0,341.0,0.99,2161.0,0.93,799.0,0.85,2502.0,0.95,3403.0,0.97,542.0,0.57,3945.0,610.0,635.0,1705.0,10805.0,3995.0,12510.0,17015.0,2710.0
NTADAC0002,20160506,-12.73922,132.3403,Livistona humilis,4.75,5,gda94,POINT (132.3403 -12.73922),Tefe,93.0,0.89,97.0,379.0,0.92,1233.0,0.92,935.0,0.83,1612.0,0.92,2640.0,0.91,542.0,0.57,3182.0,441.75,460.75,1800.25,5856.75,4441.25,7657.0,12540.0,2574.5
NTADAC0002,20160506,-12.73922,132.3403,Terminalia ferdinandiana,0.23,5,gda94,POINT (132.3403 -12.73922),Tefe,93.0,0.89,97.0,379.0,0.92,1233.0,0.92,935.0,0.83,1612.0,0.92,2640.0,0.91,542.0,0.57,3182.0,21.39,22.310000000000002,87.17,283.59000000000003,215.05,370.76,607.2,124.66000000000001
NTAGFU0001,20120412,-18.90551,137.0693,Atalaya hemiglauca,0.25,6,gda94,POINT (137.0693 -18.90551),Tefe,93.0,0.89,97.0,379.0,0.92,1233.0,0.92,935.0,0.83,1612.0,0.92,2640.0,0.91,542.0,0.57,3182.0,23.25,24.25,94.75,308.25,233.75,403.0,660.0,135.5
NTAGFU0001,20120412,-18.90551,137.0693,Corymbia terminalis,0.1,6,gda94,POINT (137.0693 -18.90551),Tefe,93.0,0.89,97.0,379.0,0.92,1233.0,0.92,935.0,0.83,1612.0,0.92,2640.0,0.91,542.0,0.57,3182.0,9.3,9.700000000000001,37.9,123.30000000000001,93.5,161.20000000000002,264.0,54.2
NTAGFU0001,20120412,-18.90551,137.0693,Eucalyptus pruinosa,0.7375,6,gda94,POINT (137.0693 -18.90551),Tefe,93.0,0.89,97.0,379.0,0.92,1233.0,0.92,935.0,0.83,1612.0,0.92,2640.0,0.91,542.0,0.57,3182.0,68.5875,71.53750000000001,279.5125,909.3375000000001,689.5625,1188.8500000000001,1947.0000000000002,399.725
NTAGFU0001,20120412,-18.90551,137.0693,Grevillea striata,0.1,6,gda94,POINT (137.0693 -18.90551),Tefe,93.0,0.89,97.0,379.0,0.92,1233.0,0.92,935.0,0.83,1612.0,0.92,2640.0,0.91,542.0,0.57,3182.0,9.3,9.700000000000001,37.9,123.30000000000001,93.5,161.20000000000002,264.0,54.2
NTAGFU0002,20120413,-18.91812,137.0522,Eucalyptus leucophloia,0.9,7,gda94,POINT (137.0522 -18.91812),Tefe,93.0,0.89,97.0,379.0,0.92,1233.0,0.92,935.0,0.83,1612.0,0.92,2640.0,0.91,542.0,0.57,3182.0,83.7,87.3,341.1,1109.7,841.5,1450.8,2376.0,487.8
NTAGFU0003,20120414,-18.63437,137.1244,Eucalyptus leucophloia,3.66111111111111,8,gda94,POINT (137.1244 -18.63437),Tefe,93.0,0.89,97.0,379.0,0.92,1233.0,0.92,935.0,0.83,1612.0,0.92,2640.0,0.91,542.0,0.57,3182.0,340.48333333333323,355.1277777777777,1387.5611111111107,4514.149999999999,3423.138888888888,5901.71111111111,9665.33333333333,1984.3222222222216
NTAGFU0004,20120415,-18.62406,137.1235,No basal,0.0,9,gda94,POINT (137.1235 -18.62406),Nobsl,0.0,0.0,0.0,0.0,0.0,0.0,0.0,0.0,0.0,0.0,0.0,0.0,0.0,0.0,0.0,0.0,0.0,0.0,0.0,0.0,0.0,0.0,0.0,0.0
NTAGFU0005,20120416,-18.65319,137.1211,Corymbia aspera,0.14,10,gda94,POINT (137.1211 -18.65319),Tefe,93.0,0.89,97.0,379.0,0.92,1233.0,0.92,935.0,0.83,1612.0,0.92,2640.0,0.91,542.0,0.57,3182.0,13.020000000000001,13.580000000000002,53.06,172.62,130.9,225.68000000000004,369.6,75.88000000000001
NTAGFU0005,20120416,-18.65319,137.1211,Corymbia dichromophloia,0.5375,10,gda94,POINT (137.1211 -18.65319),Tefe,93.0,0.89,97.0,379.0,0.92,1233.0,0.92,935.0,0.83,1612.0,0.92,2640.0,0.91,542.0,0.57,3182.0,49.9875,52.137499999999996,203.7125,662.7375,502.5625,866.4499999999999,1419.0,291.325
NTAGFU0005,20120416,-18.65319,137.1211,Corymbia polycarpa,0.32,10,gda94,POINT (137.1211 -18.65319),Tefe,93.0,0.89,97.0,379.0,0.92,1233.0,0.92,935.0,0.83,1612.0,0.92,2640.0,0.91,542.0,0.57,3182.0,29.76,31.04,121.28,394.56,299.2,515.84,844.8000000000001,173.44
NTAGFU0005,20120416,-18.65319,137.1211,Eucalyptus camaldulensis subsp. obtusa,0.2,10,gda94,POINT (137.1211 -18.65319),Tefe,93.0,0.89,97.0,379.0,0.92,1233.0,0.92,935.0,0.83,1612.0,0.92,2640.0,0.91,542.0,0.57,3182.0,18.6,19.400000000000002,75.8,246.60000000000002,187.0,322.40000000000003,528.0,108.4
NTAGFU0006,20120418,-18.77869,136.8471,No basal,0.0,11,gda94,POINT (136.8471 -18.77869),Nobsl,0.0,0.0,0.0,0.0,0.0,0.0,0.0,0.0,0.0,0.0,0.0,0.0,0.0,0.0,0.0,0.0,0.0,0.0,0.0,0.0,0.0,0.0,0.0,0.0
NTAGFU0007,20120419,-18.77691,136.8262,No basal,0.0,12,gda94,POINT (136.8262 -18.77691),Nobsl,0.0,0.0,0.0,0.0,0.0,0.0,0.0,0.0,0.0,0.0,0.0,0.0,0.0,0.0,0.0,0.0,0.0,0.0,0.0,0.0,0.0,0.0,0.0,0.0
NTAGFU0008,20120420,-18.78608,136.8653,No basal,0.0,13,gda94,POINT (136.8653 -18.78608),Nobsl,0.0,0.0,0.0,0.0,0.0,0.0,0.0,0.0,0.0,0.0,0.0,0.0,0.0,0.0,0.0,0.0,0.0,0.0,0.0,0.0,0.0,0.0,0.0,0.0
NTAGFU0009,20120421,-18.80098,136.9834,Atalaya hemiglauca,0.1,14,gda94,POINT (136.9834 -18.80098),Tefe,93.0,0.89,97.0,379.0,0.92,1233.0,0.92,935.0,0.83,1612.0,0.92,2640.0,0.91,542.0,0.57,3182.0,9.3,9.700000000000001,37.9,123.30000000000001,93.5,161.20000000000002,264.0,54.2
NTAGFU0009,20120421,-18.80098,136.9834,Eucalyptus camaldulensis subsp. obtusa,0.25,14,gda94,POINT (136.9834 -18.80098),Tefe,93.0,0.89,97.0,379.0,0.92,1233.0,0.92,935.0,0.83,1612.0,0.92,2640.0,0.91,542.0,0.57,3182.0,23.25,24.25,94.75,308.25,233.75,403.0,660.0,135.5
NTAGFU0009,20120421,-18.80098,136.9834,Eucalyptus microtheca,1.05555555555556,14,gda94,POINT (136.9834 -18.80098),Tefe,93.0,0.89,97.0,379.0,0.92,1233.0,0.92,935.0,0.83,1612.0,0.92,2640.0,0.91,542.0,0.57,3182.0,98.16666666666708,102.38888888888933,400.05555555555725,1301.5000000000055,986.9444444444487,1701.5555555555627,2786.6666666666783,572.1111111111136
NTAGFU0009,20120421,-18.80098,136.9834,Eucalyptus pruinosa,0.1,14,gda94,POINT (136.9834 -18.80098),Tefe,93.0,0.89,97.0,379.0,0.92,1233.0,0.92,935.0,0.83,1612.0,0.92,2640.0,0.91,542.0,0.57,3182.0,9.3,9.700000000000001,37.9,123.30000000000001,93.5,161.20000000000002,264.0,54.2
NTAGFU0010,20120509,-17.89628,137.1006,Eucalyptus leucophloia,1.0,15,gda94,POINT (137.1006 -17.89628),Tefe,93.0,0.89,97.0,379.0,0.92,1233.0,0.92,935.0,0.83,1612.0,0.92,2640.0,0.91,542.0,0.57,3182.0,93.0,97.0,379.0,1233.0,935.0,1612.0,2640.0,542.0
NTAGFU0011,20120510,-17.89571,137.0724,Bauhinia cunninghamii,0.2,16,gda94,POINT (137.0724 -17.89571),Tefe,93.0,0.89,97.0,379.0,0.92,1233.0,0.92,935.0,0.83,1612.0,0.92,2640.0,0.91,542.0,0.57,3182.0,18.6,19.400000000000002,75.8,246.60000000000002,187.0,322.40000000000003,528.0,108.4
NTAGFU0011,20120510,-17.89571,137.0724,Eucalyptus leucophloia,0.3,16,gda94,POINT (137.0724 -17.89571),Tefe,93.0,0.89,97.0,379.0,0.92,1233.0,0.92,935.0,0.83,1612.0,0.92,2640.0,0.91,542.0,0.57,3182.0,27.9,29.099999999999998,113.7,369.9,280.5,483.59999999999997,792.0,162.6
NTAGFU0011,20120510,-17.89571,137.0724,Eucalyptus pruinosa,0.5875,16,gda94,POINT (137.0724 -17.89571),Tefe,93.0,0.89,97.0,379.0,0.92,1233.0,0.92,935.0,0.83,1612.0,0.92,2640.0,0.91,542.0,0.57,3182.0,54.6375,56.987500000000004,222.6625,724.3875,549.3125,947.0500000000001,1551.0,318.425
NTAGFU0011,20120510,-17.89571,137.0724,Grevillea parallela,0.566666666666667,16,gda94,POINT (137.0724 -17.89571),Tefe,93.0,0.89,97.0,379.0,0.92,1233.0,0.92,935.0,0.83,1612.0,0.92,2640.0,0.91,542.0,0.57,3182.0,52.70000000000003,54.9666666666667,214.7666666666668,698.7000000000004,529.8333333333336,913.4666666666672,1496.000000000001,307.1333333333335
NTAGFU0011,20120510,-17.89571,137.0724,Hakea arborescens,0.1,16,gda94,POINT (137.0724 -17.89571),Tefe,93.0,0.89,97.0,379.0,0.92,1233.0,0.92,935.0,0.83,1612.0,0.92,2640.0,0.91,542.0,0.57,3182.0,9.3,9.700000000000001,37.9,123.30000000000001,93.5,161.20000000000002,264.0,54.2
NTAGFU0011,20120510,-17.89571,137.0724,Terminalia canescens,0.21,16,gda94,POINT (137.0724 -17.89571),Tefe,93.0,0.89,97.0,379.0,0.92,1233.0,0.92,935.0,0.83,1612.0,0.92,2640.0,0.91,542.0,0.57,3182.0,19.529999999999998,20.37,79.59,258.93,196.35,338.52,554.4,113.82
NTAGFU0012,20120511,-17.89564,137.019,Eucalyptus leucophloia,1.38888888888889,17,gda94,POINT (137.019 -17.89564),Tefe,93.0,0.89,97.0,379.0,0.92,1233.0,0.92,935.0,0.83,1612.0,0.92,2640.0,0.91,542.0,0.57,3182.0,129.16666666666677,134.7222222222223,526.3888888888893,1712.5000000000014,1298.611111111112,2238.8888888888905,3666.6666666666692,752.7777777777784
NTAGFU0013,20120512,-17.89591,137.0116,Eucalyptus chlorophylla,0.3,18,gda94,POINT (137.0116 -17.89591),Tefe,93.0,0.89,97.0,379.0,0.92,1233.0,0.92,935.0,0.83,1612.0,0.92,2640.0,0.91,542.0,0.57,3182.0,27.9,29.099999999999998,113.7,369.9,280.5,483.59999999999997,792.0,162.6
NTAGFU0013,20120512,-17.89591,137.0116,Eucalyptus leucophloia,0.1,18,gda94,POINT (137.0116 -17.89591),Tefe,93.0,0.89,97.0,379.0,0.92,1233.0,0.92,935.0,0.83,1612.0,0.92,2640.0,0.91,542.0,0.57,3182.0,9.3,9.700000000000001,37.9,123.30000000000001,93.5,161.20000000000002,264.0,54.2
NTAGFU0013,20120512,-17.89591,137.0116,Grevillea striata,0.2,18,gda94,POINT (137.0116 -17.89591),Tefe,93.0,0.89,97.0,379.0,0.92,1233.0,0.92,935.0,0.83,1612.0,0.92,2640.0,0.91,542.0,0.57,3182.0,18.6,19.400000000000002,75.8,246.60000000000002,187.0,322.40000000000003,528.0,108.4
NTAGFU0013,20120512,-17.89591,137.0116,Melaleuca stenostachya,1.12222222222222,18,gda94,POINT (137.0116 -17.89591),Tefe,93.0,0.89,97.0,379.0,0.92,1233.0,0.92,935.0,0.83,1612.0,0.92,2640.0,0.91,542.0,0.57,3182.0,104.36666666666646,108.85555555555534,425.3222222222214,1383.6999999999973,1049.2777777777758,1809.0222222222187,2962.6666666666606,608.2444444444433
NTAGFU0013,20120512,-17.89591,137.0116,Terminalia volucris,0.1,18,gda94,POINT (137.0116 -17.89591),Tefe,93.0,0.89,97.0,379.0,0.92,1233.0,0.92,935.0,0.83,1612.0,0.92,2640.0,0.91,542.0,0.57,3182.0,9.3,9.700000000000001,37.9,123.30000000000001,93.5,161.20000000000002,264.0,54.2
NTAGFU0014,20120514,-17.75179,136.9389,Eucalyptus microtheca,0.9,19,gda94,POINT (136.9389 -17.75179),Tefe,93.0,0.89,97.0,379.0,0.92,1233.0,0.92,935.0,0.83,1612.0,0.92,2640.0,0.91,542.0,0.57,3182.0,83.7,87.3,341.1,1109.7,841.5,1450.8,2376.0,487.8
NTAGFU0014,20120514,-17.75179,136.9389,Melaleuca viridiflora,0.833333333333333,19,gda94,POINT (136.9389 -17.75179),Tefe,93.0,0.89,97.0,379.0,0.92,1233.0,0.92,935.0,0.83,1612.0,0.92,2640.0,0.91,542.0,0.57,3182.0,77.49999999999997,80.8333333333333,315.8333333333332,1027.4999999999995,779.1666666666664,1343.3333333333328,2199.999999999999,451.6666666666665
NTAGFU0014,20120514,-17.75179,136.9389,Terminalia bursarina,0.283333333333333,19,gda94,POINT (136.9389 -17.75179),Tefe,93.0,0.89,97.0,379.0,0.92,1233.0,0.92,935.0,0.83,1612.0,0.92,2640.0,0.91,542.0,0.57,3182.0,26.34999999999997,27.4833333333333,107.3833333333332,349.34999999999957,264.91666666666634,456.7333333333328,747.9999999999991,153.5666666666665
NTAGFU0015,20120514,-17.74446,136.943,Acacia,0.1,20,gda94,POINT (136.943 -17.74446),Tefe,93.0,0.89,97.0,379.0,0.92,1233.0,0.92,935.0,0.83,1612.0,0.92,2640.0,0.91,542.0,0.57,3182.0,9.3,9.700000000000001,37.9,123.30000000000001,93.5,161.20000000000002,264.0,54.2
NTAGFU0015,20120514,-17.74446,136.943,Eucalyptus microtheca,0.15,20,gda94,POINT (136.943 -17.74446),Tefe,93.0,0.89,97.0,379.0,0.92,1233.0,0.92,935.0,0.83,1612.0,0.92,2640.0,0.91,542.0,0.57,3182.0,13.95,14.549999999999999,56.85,184.95,140.25,241.79999999999998,396.0,81.3
NTAGFU0015,20120514,-17.74446,136.943,Eucalyptus pruinosa,0.8,20,gda94,POINT (136.943 -17.74446),Tefe,93.0,0.89,97.0,379.0,0.92,1233.0,0.92,935.0,0.83,1612.0,0.92,2640.0,0.91,542.0,0.57,3182.0,74.4,77.60000000000001,303.2,986.4000000000001,748.0,1289.6000000000001,2112.0,433.6
NTAGFU0015,20120514,-17.74446,136.943,Melaleuca stenostachya,0.435,20,gda94,POINT (136.943 -17.74446),Tefe,93.0,0.89,97.0,379.0,0.92,1233.0,0.92,935.0,0.83,1612.0,0.92,2640.0,0.91,542.0,0.57,3182.0,40.455,42.195,164.865,536.355,406.725,701.22,1148.4,235.77
NTAGFU0016,20120516,-17.22089,137.2603,Corymbia dichromophloia,0.2,21,gda94,POINT (137.2603 -17.22089),Tefe,93.0,0.89,97.0,379.0,0.92,1233.0,0.92,935.0,0.83,1612.0,0.92,2640.0,0.91,542.0,0.57,3182.0,18.6,19.400000000000002,75.8,246.60000000000002,187.0,322.40000000000003,528.0,108.4
NTAGFU0016,20120516,-17.22089,137.2603,Corymbia terminalis,0.142857142857143,21,gda94,POINT (137.2603 -17.22089),Tefe,93.0,0.89,97.0,379.0,0.92,1233.0,0.92,935.0,0.83,1612.0,0.92,2640.0,0.91,542.0,0.57,3182.0,13.285714285714297,13.85714285714287,54.142857142857196,176.1428571428573,133.5714285714287,230.2857142857145,377.1428571428575,77.4285714285715
NTAGFU0016,20120516,-17.22089,137.2603,Erythrophleum chlorostachys,0.225,21,gda94,POINT (137.2603 -17.22089),Erch,154.0,0.75,160.0,401.0,0.95,1044.0,0.92,814.0,0.62,1445.0,0.93,2413.0,0.82,542.0,0.57,2955.0,34.65,36.0,90.22500000000001,234.9,183.15,325.125,542.9250000000001,121.95
NTAGFU0016,20120516,-17.22089,137.2603,Eucalyptus leucophloia,0.4,21,gda94,POINT (137.2603 -17.22089),Tefe,93.0,0.89,97.0,379.0,0.92,1233.0,0.92,935.0,0.83,1612.0,0.92,2640.0,0.91,542.0,0.57,3182.0,37.2,38.800000000000004,151.6,493.20000000000005,374.0,644.8000000000001,1056.0,216.8
NTAGFU0016,20120516,-17.22089,137.2603,Melaleuca viridiflora,0.325,21,gda94,POINT (137.2603 -17.22089),Tefe,93.0,0.89,97.0,379.0,0.92,1233.0,0.92,935.0,0.83,1612.0,0.92,2640.0,0.91,542.0,0.57,3182.0,30.225,31.525000000000002,123.175,400.725,303.875,523.9,858.0,176.15
NTAGFU0016,20120516,-17.22089,137.2603,Persoonia falcata,0.1,21,gda94,POINT (137.2603 -17.22089),Tefe,93.0,0.89,97.0,379.0,0.92,1233.0,0.92,935.0,0.83,1612.0,0.92,2640.0,0.91,542.0,0.57,3182.0,9.3,9.700000000000001,37.9,123.30000000000001,93.5,161.20000000000002,264.0,54.2
NTAGFU0016,20120516,-17.22089,137.2603,Petalostigma banksii,0.516666666666667,21,gda94,POINT (137.2603 -17.22089),Tefe,93.0,0.89,97.0,379.0,0.92,1233.0,0.92,935.0,0.83,1612.0,0.92,2640.0,0.91,542.0,0.57,3182.0,48.05000000000003,50.1166666666667,195.8166666666668,637.0500000000005,483.0833333333337,832.8666666666672,1364.000000000001,280.03333333333353
NTAGFU0016,20120516,-17.22089,137.2603,Terminalia canescens,0.3,21,gda94,POINT (137.2603 -17.22089),Tefe,93.0,0.89,97.0,379.0,0.92,1233.0,0.92,935.0,0.83,1612.0,0.92,2640.0,0.91,542.0,0.57,3182.0,27.9,29.099999999999998,113.7,369.9,280.5,483.59999999999997,792.0,162.6
NTAGFU0017,20120517,-17.3549,137.158,No basal,0.0,22,gda94,POINT (137.158 -17.3549),Nobsl,0.0,0.0,0.0,0.0,0.0,0.0,0.0,0.0,0.0,0.0,0.0,0.0,0.0,0.0,0.0,0.0,0.0,0.0,0.0,0.0,0.0,0.0,0.0,0.0
NTAGFU0018,20120518,-17.27249,137.1834,No basal,0.0,23,gda94,POINT (137.1834 -17.27249),Nobsl,0.0,0.0,0.0,0.0,0.0,0.0,0.0,0.0,0.0,0.0,0.0,0.0,0.0,0.0,0.0,0.0,0.0,0.0,0.0,0.0,0.0,0.0,0.0,0.0
NTAGFU0019,20120518,-17.21774,137.2363,Corymbia dichromophloia,0.4,24,gda94,POINT (137.2363 -17.21774),Tefe,93.0,0.89,97.0,379.0,0.92,1233.0,0.92,935.0,0.83,1612.0,0.92,2640.0,0.91,542.0,0.57,3182.0,37.2,38.800000000000004,151.6,493.20000000000005,374.0,644.8000000000001,1056.0,216.8
NTAGFU0019,20120518,-17.21774,137.2363,Erythrophleum chlorostachys,0.2,24,gda94,POINT (137.2363 -17.21774),Erch,154.0,0.75,160.0,401.0,0.95,1044.0,0.92,814.0,0.62,1445.0,0.93,2413.0,0.82,542.0,0.57,2955.0,30.8,32.0,80.2,208.8,162.8,289.0,482.6,108.4
NTAGFU0019,20120518,-17.21774,137.2363,Eucalyptus leucophloia,0.744444444444444,24,gda94,POINT (137.2363 -17.21774),Tefe,93.0,0.89,97.0,379.0,0.92,1233.0,0.92,935.0,0.83,1612.0,0.92,2640.0,0.91,542.0,0.57,3182.0,69.23333333333329,72.21111111111107,282.1444444444443,917.8999999999995,696.0555555555552,1200.0444444444438,1965.3333333333321,403.48888888888865
NTAGFU0019,20120518,-17.21774,137.2363,Eucalyptus microtheca,0.32,24,gda94,POINT (137.2363 -17.21774),Tefe,93.0,0.89,97.0,379.0,0.92,1233.0,0.92,935.0,0.83,1612.0,0.92,2640.0,0.91,542.0,0.57,3182.0,29.76,31.04,121.28,394.56,299.2,515.84,844.8000000000001,173.44
NTAGFU0019,20120518,-17.21774,137.2363,Terminalia canescens,0.2,24,gda94,POINT (137.2363 -17.21774),Tefe,93.0,0.89,97.0,379.0,0.92,1233.0,0.92,935.0,0.83,1612.0,0.92,2640.0,0.91,542.0,0.57,3182.0,18.6,19.400000000000002,75.8,246.60000000000002,187.0,322.40000000000003,528.0,108.4
NTAGFU0020,20120605,-16.72487,135.9633,Bauhinia cunninghamii,0.5,25,gda94,POINT (135.9633 -16.72487),Tefe,93.0,0.89,97.0,379.0,0.92,1233.0,0.92,935.0,0.83,1612.0,0.92,2640.0,0.91,542.0,0.57,3182.0,46.5,48.5,189.5,616.5,467.5,806.0,1320.0,271.0
NTAGFU0020,20120605,-16.72487,135.9633,Eucalyptus chlorophylla,0.5,25,gda94,POINT (135.9633 -16.72487),Tefe,93.0,0.89,97.0,379.0,0.92,1233.0,0.92,935.0,0.83,1612.0,0.92,2640.0,0.91,542.0,0.57,3182.0,46.5,48.5,189.5,616.5,467.5,806.0,1320.0,271.0
NTAGFU0020,20120605,-16.72487,135.9633,Eucalyptus pruinosa,0.25,25,gda94,POINT (135.9633 -16.72487),Tefe,93.0,0.89,97.0,379.0,0.92,1233.0,0.92,935.0,0.83,1612.0,0.92,2640.0,0.91,542.0,0.57,3182.0,23.25,24.25,94.75,308.25,233.75,403.0,660.0,135.5
NTAGFU0020,20120605,-16.72487,135.9633,Melaleuca stenostachya,4.46111111111111,25,gda94,POINT (135.9633 -16.72487),Tefe,93.0,0.89,97.0,379.0,0.92,1233.0,0.92,935.0,0.83,1612.0,0.92,2640.0,0.91,542.0,0.57,3182.0,414.88333333333327,432.7277777777777,1690.7611111111107,5500.549999999999,4171.138888888888,7191.31111111111,11777.333333333332,2417.922222222222
NTAGFU0020,20120605,-16.72487,135.9633,Terminalia canescens,0.25,25,gda94,POINT (135.9633 -16.72487),Tefe,93.0,0.89,97.0,379.0,0.92,1233.0,0.92,935.0,0.83,1612.0,0.92,2640.0,0.91,542.0,0.57,3182.0,23.25,24.25,94.75,308.25,233.75,403.0,660.0,135.5
NTAGFU0021,20120606,-16.7154,135.9429,Eucalyptus leucophloia,1.31428571428571,26,gda94,POINT (135.9429 -16.7154),Tefe,93.0,0.89,97.0,379.0,0.92,1233.0,0.92,935.0,0.83,1612.0,0.92,2640.0,0.91,542.0,0.57,3182.0,122.22857142857103,127.48571428571388,498.1142857142841,1620.5142857142805,1228.8571428571388,2118.6285714285646,3469.7142857142744,712.3428571428549
NTAGFU0021,20120606,-16.7154,135.9429,Melaleuca stenostachya,1.5125,26,gda94,POINT (135.9429 -16.7154),Tefe,93.0,0.89,97.0,379.0,0.92,1233.0,0.92,935.0,0.83,1612.0,0.92,2640.0,0.91,542.0,0.57,3182.0,140.6625,146.7125,573.2375,1864.9125,1414.1875,2438.15,3993.0,819.775
NTAGFU0021,20120606,-16.7154,135.9429,Terminalia bursarina,0.2,26,gda94,POINT (135.9429 -16.7154),Tefe,93.0,0.89,97.0,379.0,0.92,1233.0,0.92,935.0,0.83,1612.0,0.92,2640.0,0.91,542.0,0.57,3182.0,18.6,19.400000000000002,75.8,246.60000000000002,187.0,322.40000000000003,528.0,108.4
NTAGFU0022,20120607,-16.73101,135.9634,Eucalyptus leucophloia,1.5125,27,gda94,POINT (135.9634 -16.73101),Tefe,93.0,0.89,97.0,379.0,0.92,1233.0,0.92,935.0,0.83,1612.0,0.92,2640.0,0.91,542.0,0.57,3182.0,140.6625,146.7125,573.2375,1864.9125,1414.1875,2438.15,3993.0,819.775
NTAGFU0022,20120607,-16.73101,135.9634,Eucalyptus pruinosa,0.2,27,gda94,POINT (135.9634 -16.73101),Tefe,93.0,0.89,97.0,379.0,0.92,1233.0,0.92,935.0,0.83,1612.0,0.92,2640.0,0.91,542.0,0.57,3182.0,18.6,19.400000000000002,75.8,246.60000000000002,187.0,322.40000000000003,528.0,108.4
NTAGFU0023,20120609,-16.82389,135.83,No basal,0.0,28,gda94,POINT (135.83 -16.82389),Nobsl,0.0,0.0,0.0,0.0,0.0,0.0,0.0,0.0,0.0,0.0,0.0,0.0,0.0,0.0,0.0,0.0,0.0,0.0,0.0,0.0,0.0,0.0,0.0,0.0
NTAGFU0024,20120610,-16.826,135.8932,Corymbia dichromophloia,0.533333333333333,29,gda94,POINT (135.8932 -16.826),Tefe,93.0,0.89,97.0,379.0,0.92,1233.0,0.92,935.0,0.83,1612.0,0.92,2640.0,0.91,542.0,0.57,3182.0,49.599999999999966,51.7333333333333,202.1333333333332,657.5999999999996,498.66666666666634,859.7333333333328,1407.999999999999,289.0666666666665
NTAGFU0025,20120610,-16.82524,135.8552,Excoecaria parvifolia,0.25,30,gda94,POINT (135.8552 -16.82524),Tefe,93.0,0.89,97.0,379.0,0.92,1233.0,0.92,935.0,0.83,1612.0,0.92,2640.0,0.91,542.0,0.57,3182.0,23.25,24.25,94.75,308.25,233.75,403.0,660.0,135.5
NTAGFU0025,20120610,-16.82524,135.8552,Melaleuca stenostachya,4.68333333333333,30,gda94,POINT (135.8552 -16.82524),Tefe,93.0,0.89,97.0,379.0,0.92,1233.0,0.92,935.0,0.83,1612.0,0.92,2640.0,0.91,542.0,0.57,3182.0,435.54999999999967,454.283333333333,1774.983333333332,5774.549999999996,4378.916666666663,7549.533333333328,12363.99999999999,2538.366666666665
NTAGFU0025,20120610,-16.82524,135.8552,Terminalia volucris,0.46,30,gda94,POINT (135.8552 -16.82524),Tefe,93.0,0.89,97.0,379.0,0.92,1233.0,0.92,935.0,0.83,1612.0,0.92,2640.0,0.91,542.0,0.57,3182.0,42.78,44.620000000000005,174.34,567.1800000000001,430.1,741.52,1214.4,249.32000000000002
NTAGFU0025,20120610,-16.82524,135.8552,Ventilago viminalis,0.175,30,gda94,POINT (135.8552 -16.82524),Tefe,93.0,0.89,97.0,379.0,0.92,1233.0,0.92,935.0,0.83,1612.0,0.92,2640.0,0.91,542.0,0.57,3182.0,16.275,16.974999999999998,66.325,215.77499999999998,163.625,282.09999999999997,461.99999999999994,94.85
NTAGFU0026,20120612,-15.80912,135.4061,Atalaya hemiglauca,0.3,31,gda94,POINT (135.4061 -15.80912),Tefe,93.0,0.89,97.0,379.0,0.92,1233.0,0.92,935.0,0.83,1612.0,0.92,2640.0,0.91,542.0,0.57,3182.0,27.9,29.099999999999998,113.7,369.9,280.5,483.59999999999997,792.0,162.6
NTAGFU0026,20120612,-15.80912,135.4061,Bauhinia cunninghamii,0.2,31,gda94,POINT (135.4061 -15.80912),Tefe,93.0,0.89,97.0,379.0,0.92,1233.0,0.92,935.0,0.83,1612.0,0.92,2640.0,0.91,542.0,0.57,3182.0,18.6,19.400000000000002,75.8,246.60000000000002,187.0,322.40000000000003,528.0,108.4
NTAGFU0026,20120612,-15.80912,135.4061,Brachychiton diversifolius,0.125,31,gda94,POINT (135.4061 -15.80912),Tefe,93.0,0.89,97.0,379.0,0.92,1233.0,0.92,935.0,0.83,1612.0,0.92,2640.0,0.91,542.0,0.57,3182.0,11.625,12.125,47.375,154.125,116.875,201.5,330.0,67.75
NTAGFU0026,20120612,-15.80912,135.4061,Erythrophleum chlorostachys,0.25,31,gda94,POINT (135.4061 -15.80912),Erch,154.0,0.75,160.0,401.0,0.95,1044.0,0.92,814.0,0.62,1445.0,0.93,2413.0,0.82,542.0,0.57,2955.0,38.5,40.0,100.25,261.0,203.5,361.25,603.25,135.5
NTAGFU0026,20120612,-15.80912,135.4061,Eucalyptus tectifica,1.16666666666667,31,gda94,POINT (135.4061 -15.80912),Tefe,93.0,0.89,97.0,379.0,0.92,1233.0,0.92,935.0,0.83,1612.0,0.92,2640.0,0.91,542.0,0.57,3182.0,108.50000000000031,113.166666666667,442.16666666666794,1438.500000000004,1090.8333333333364,1880.6666666666722,3080.000000000009,632.3333333333352
NTAGFU0026,20120612,-15.80912,135.4061,Grevillea striata,0.775,31,gda94,POINT (135.4061 -15.80912),Tefe,93.0,0.89,97.0,379.0,0.92,1233.0,0.92,935.0,0.83,1612.0,0.92,2640.0,0.91,542.0,0.57,3182.0,72.075,75.175,293.725,955.575,724.625,1249.3,2046.0,420.05
NTAGFU0027,20120613,-15.67927,135.4606,Acacia dimidiata,0.1,32,gda94,POINT (135.4606 -15.67927),Tefe,93.0,0.89,97.0,379.0,0.92,1233.0,0.92,935.0,0.83,1612.0,0.92,2640.0,0.91,542.0,0.57,3182.0,9.3,9.700000000000001,37.9,123.30000000000001,93.5,161.20000000000002,264.0,54.2
NTAGFU0027,20120613,-15.67927,135.4606,Acacia hammondii,0.166666666666667,32,gda94,POINT (135.4606 -15.67927),Tefe,93.0,0.89,97.0,379.0,0.92,1233.0,0.92,935.0,0.83,1612.0,0.92,2640.0,0.91,542.0,0.57,3182.0,15.50000000000003,16.1666666666667,63.16666666666679,205.5000000000004,155.83333333333363,268.6666666666672,440.00000000000085,90.33333333333351
NTAGFU0027,20120613,-15.67927,135.4606,Corymbia dichromophloia,0.2,32,gda94,POINT (135.4606 -15.67927),Tefe,93.0,0.89,97.0,379.0,0.92,1233.0,0.92,935.0,0.83,1612.0,0.92,2640.0,0.91,542.0,0.57,3182.0,18.6,19.400000000000002,75.8,246.60000000000002,187.0,322.40000000000003,528.0,108.4
NTAGFU0027,20120613,-15.67927,135.4606,Corymbia ferruginea,0.483333333333333,32,gda94,POINT (135.4606 -15.67927),Tefe,93.0,0.89,97.0,379.0,0.92,1233.0,0.92,935.0,0.83,1612.0,0.92,2640.0,0.91,542.0,0.57,3182.0,44.94999999999997,46.883333333333304,183.1833333333332,595.9499999999996,451.91666666666634,779.1333333333328,1275.999999999999,261.96666666666647
NTAGFU0027,20120613,-15.67927,135.4606,Dolichandrone heterophylla,0.25,32,gda94,POINT (135.4606 -15.67927),Tefe,93.0,0.89,97.0,379.0,0.92,1233.0,0.92,935.0,0.83,1612.0,0.92,2640.0,0.91,542.0,0.57,3182.0,23.25,24.25,94.75,308.25,233.75,403.0,660.0,135.5
NTAGFU0027,20120613,-15.67927,135.4606,Erythrophleum chlorostachys,0.2,32,gda94,POINT (135.4606 -15.67927),Erch,154.0,0.75,160.0,401.0,0.95,1044.0,0.92,814.0,0.62,1445.0,0.93,2413.0,0.82,542.0,0.57,2955.0,30.8,32.0,80.2,208.8,162.8,289.0,482.6,108.4
NTAGFU0027,20120613,-15.67927,135.4606,Eucalyptus phoenicea,0.35,32,gda94,POINT (135.4606 -15.67927),Tefe,93.0,0.89,97.0,379.0,0.92,1233.0,0.92,935.0,0.83,1612.0,0.92,2640.0,0.91,542.0,0.57,3182.0,32.55,33.949999999999996,132.65,431.54999999999995,327.25,564.1999999999999,923.9999999999999,189.7
NTAGFU0027,20120613,-15.67927,135.4606,Hakea arborescens,0.9,32,gda94,POINT (135.4606 -15.67927),Tefe,93.0,0.89,97.0,379.0,0.92,1233.0,0.92,935.0,0.83,1612.0,0.92,2640.0,0.91,542.0,0.57,3182.0,83.7,87.3,341.1,1109.7,841.5,1450.8,2376.0,487.8
NTAGFU0027,20120613,-15.67927,135.4606,Melaleuca viridiflora,0.5,32,gda94,POINT (135.4606 -15.67927),Tefe,93.0,0.89,97.0,379.0,0.92,1233.0,0.92,935.0,0.83,1612.0,0.92,2640.0,0.91,542.0,0.57,3182.0,46.5,48.5,189.5,616.5,467.5,806.0,1320.0,271.0
NTAGFU0027,20120613,-15.67927,135.4606,Petalostigma banksii,0.2,32,gda94,POINT (135.4606 -15.67927),Tefe,93.0,0.89,97.0,379.0,0.92,1233.0,0.92,935.0,0.83,1612.0,0.92,2640.0,0.91,542.0,0.57,3182.0,18.6,19.400000000000002,75.8,246.60000000000002,187.0,322.40000000000003,528.0,108.4
NTAGFU0027,20120613,-15.67927,135.4606,Petalostigma pubescens,1.0,32,gda94,POINT (135.4606 -15.67927),Tefe,93.0,0.89,97.0,379.0,0.92,1233.0,0.92,935.0,0.83,1612.0,0.92,2640.0,0.91,542.0,0.57,3182.0,93.0,97.0,379.0,1233.0,935.0,1612.0,2640.0,542.0
NTAGFU0027,20120613,-15.67927,135.4606,Terminalia canescens,0.24,32,gda94,POINT (135.4606 -15.67927),Tefe,93.0,0.89,97.0,379.0,0.92,1233.0,0.92,935.0,0.83,1612.0,0.92,2640.0,0.91,542.0,0.57,3182.0,22.32,23.279999999999998,90.96,295.92,224.4,386.88,633.6,130.07999999999998
NTAGFU0027,20120613,-15.67927,135.4606,Wrightia saligna,0.1,32,gda94,POINT (135.4606 -15.67927),Tefe,93.0,0.89,97.0,379.0,0.92,1233.0,0.92,935.0,0.83,1612.0,0.92,2640.0,0.91,542.0,0.57,3182.0,9.3,9.700000000000001,37.9,123.30000000000001,93.5,161.20000000000002,264.0,54.2
NTAGFU0028,20120614,-15.62924,135.4598,Corymbia confertiflora,0.1,33,gda94,POINT (135.4598 -15.62924),Tefe,93.0,0.89,97.0,379.0,0.92,1233.0,0.92,935.0,0.83,1612.0,0.92,2640.0,0.91,542.0,0.57,3182.0,9.3,9.700000000000001,37.9,123.30000000000001,93.5,161.20000000000002,264.0,54.2
NTAGFU0028,20120614,-15.62924,135.4598,Corymbia ferruginea,0.34,33,gda94,POINT (135.4598 -15.62924),Tefe,93.0,0.89,97.0,379.0,0.92,1233.0,0.92,935.0,0.83,1612.0,0.92,2640.0,0.91,542.0,0.57,3182.0,31.62,32.980000000000004,128.86,419.22,317.90000000000003,548.08,897.6,184.28
NTAGFU0028,20120614,-15.62924,135.4598,Erythrophleum chlorostachys,0.377777777777778,33,gda94,POINT (135.4598 -15.62924),Erch,154.0,0.75,160.0,401.0,0.95,1044.0,0.92,814.0,0.62,1445.0,0.93,2413.0,0.82,542.0,0.57,2955.0,58.17777777777781,60.44444444444448,151.48888888888897,394.4000000000002,307.5111111111113,545.8888888888891,911.5777777777782,204.75555555555567
NTAGFU0028,20120614,-15.62924,135.4598,Eucalyptus miniata,1.4,33,gda94,POINT (135.4598 -15.62924),Eumi,50.0,0.96,52.0,218.0,0.92,1829.0,0.95,375.0,0.79,2047.0,0.96,2472.0,0.96,542.0,0.57,3014.0,70.0,72.8,305.2,2560.6,525.0,2865.7999999999997,3460.7999999999997,758.8
NTAGFU0028,20120614,-15.62924,135.4598,Eucalyptus phoenicea,0.7,33,gda94,POINT (135.4598 -15.62924),Tefe,93.0,0.89,97.0,379.0,0.92,1233.0,0.92,935.0,0.83,1612.0,0.92,2640.0,0.91,542.0,0.57,3182.0,65.1,67.89999999999999,265.3,863.0999999999999,654.5,1128.3999999999999,1847.9999999999998,379.4
NTAGFU0028,20120614,-15.62924,135.4598,Eucalyptus tectifica,0.911111111111111,33,gda94,POINT (135.4598 -15.62924),Tefe,93.0,0.89,97.0,379.0,0.92,1233.0,0.92,935.0,0.83,1612.0,0.92,2640.0,0.91,542.0,0.57,3182.0,84.73333333333332,88.37777777777777,345.3111111111111,1123.3999999999999,851.8888888888888,1468.711111111111,2405.333333333333,493.82222222222214
NTAGFU0028,20120614,-15.62924,135.4598,Petalostigma pubescens,0.266666666666667,33,gda94,POINT (135.4598 -15.62924),Tefe,93.0,0.89,97.0,379.0,0.92,1233.0,0.92,935.0,0.83,1612.0,0.92,2640.0,0.91,542.0,0.57,3182.0,24.80000000000003,25.8666666666667,101.06666666666679,328.8000000000004,249.33333333333366,429.8666666666672,704.0000000000009,144.5333333333335
NTAGFU0028,20120614,-15.62924,135.4598,Terminalia canescens,0.36,33,gda94,POINT (135.4598 -15.62924),Tefe,93.0,0.89,97.0,379.0,0.92,1233.0,0.92,935.0,0.83,1612.0,0.92,2640.0,0.91,542.0,0.57,3182.0,33.48,34.92,136.44,443.88,336.59999999999997,580.3199999999999,950.4,195.12
NTAGFU0029,20120615,-15.5381,135.409,Bauhinia cunninghamii,0.3,34,gda94,POINT (135.409 -15.5381),Tefe,93.0,0.89,97.0,379.0,0.92,1233.0,0.92,935.0,0.83,1612.0,0.92,2640.0,0.91,542.0,0.57,3182.0,27.9,29.099999999999998,113.7,369.9,280.5,483.59999999999997,792.0,162.6
NTAGFU0029,20120615,-15.5381,135.409,Corymbia bella,0.25,34,gda94,POINT (135.409 -15.5381),Tefe,93.0,0.89,97.0,379.0,0.92,1233.0,0.92,935.0,0.83,1612.0,0.92,2640.0,0.91,542.0,0.57,3182.0,23.25,24.25,94.75,308.25,233.75,403.0,660.0,135.5
NTAGFU0029,20120615,-15.5381,135.409,Denhamia,0.1,34,gda94,POINT (135.409 -15.5381),Tefe,93.0,0.89,97.0,379.0,0.92,1233.0,0.92,935.0,0.83,1612.0,0.92,2640.0,0.91,542.0,0.57,3182.0,9.3,9.700000000000001,37.9,123.30000000000001,93.5,161.20000000000002,264.0,54.2
NTAGFU0029,20120615,-15.5381,135.409,Eucalyptus microtheca,0.7,34,gda94,POINT (135.409 -15.5381),Tefe,93.0,0.89,97.0,379.0,0.92,1233.0,0.92,935.0,0.83,1612.0,0.92,2640.0,0.91,542.0,0.57,3182.0,65.1,67.89999999999999,265.3,863.0999999999999,654.5,1128.3999999999999,1847.9999999999998,379.4
NTAGFU0029,20120615,-15.5381,135.409,Eucalyptus tectifica,0.511111111111111,34,gda94,POINT (135.409 -15.5381),Tefe,93.0,0.89,97.0,379.0,0.92,1233.0,0.92,935.0,0.83,1612.0,0.92,2640.0,0.91,542.0,0.57,3182.0,47.53333333333332,49.57777777777776,193.71111111111105,630.1999999999998,477.88888888888874,823.9111111111108,1349.333333333333,277.0222222222221
NTAGFU0029,20120615,-15.5381,135.409,Grevillea striata,0.375,34,gda94,POINT (135.409 -15.5381),Tefe,93.0,0.89,97.0,379.0,0.92,1233.0,0.92,935.0,0.83,1612.0,0.92,2640.0,0.91,542.0,0.57,3182.0,34.875,36.375,142.125,462.375,350.625,604.5,990.0,203.25
NTAGFU0029,20120615,-15.5381,135.409,Petalostigma banksii,0.2,34,gda94,POINT (135.409 -15.5381),Tefe,93.0,0.89,97.0,379.0,0.92,1233.0,0.92,935.0,0.83,1612.0,0.92,2640.0,0.91,542.0,0.57,3182.0,18.6,19.400000000000002,75.8,246.60000000000002,187.0,322.40000000000003,528.0,108.4
NTAGFU0029,20120615,-15.5381,135.409,Terminalia canescens,0.1,34,gda94,POINT (135.409 -15.5381),Tefe,93.0,0.89,97.0,379.0,0.92,1233.0,0.92,935.0,0.83,1612.0,0.92,2640.0,0.91,542.0,0.57,3182.0,9.3,9.700000000000001,37.9,123.30000000000001,93.5,161.20000000000002,264.0,54.2
NTAGFU0029,20120615,-15.5381,135.409,Terminalia platyphylla,0.3,34,gda94,POINT (135.409 -15.5381),Tefe,93.0,0.89,97.0,379.0,0.92,1233.0,0.92,935.0,0.83,1612.0,0.92,2640.0,0.91,542.0,0.57,3182.0,27.9,29.099999999999998,113.7,369.9,280.5,483.59999999999997,792.0,162.6
NTAGFU0030,20120705,-14.1349,134.3778,Acacia shirleyi,3.66666666666667,35,gda94,POINT (134.3778 -14.1349),Tefe,93.0,0.89,97.0,379.0,0.92,1233.0,0.92,935.0,0.83,1612.0,0.92,2640.0,0.91,542.0,0.57,3182.0,341.00000000000034,355.66666666666697,1389.6666666666679,4521.000000000005,3428.3333333333367,5910.666666666672,9680.00000000001,1987.333333333335
NTAGFU0030,20120705,-14.1349,134.3778,Calytrix brownii,0.1,35,gda94,POINT (134.3778 -14.1349),Tefe,93.0,0.89,97.0,379.0,0.92,1233.0,0.92,935.0,0.83,1612.0,0.92,2640.0,0.91,542.0,0.57,3182.0,9.3,9.700000000000001,37.9,123.30000000000001,93.5,161.20000000000002,264.0,54.2
NTAGFU0030,20120705,-14.1349,134.3778,Corymbia dichromophloia,0.6,35,gda94,POINT (134.3778 -14.1349),Tefe,93.0,0.89,97.0,379.0,0.92,1233.0,0.92,935.0,0.83,1612.0,0.92,2640.0,0.91,542.0,0.57,3182.0,55.8,58.199999999999996,227.4,739.8,561.0,967.1999999999999,1584.0,325.2
NTAGFU0030,20120705,-14.1349,134.3778,Eucalyptus tectifica,0.15,35,gda94,POINT (134.3778 -14.1349),Tefe,93.0,0.89,97.0,379.0,0.92,1233.0,0.92,935.0,0.83,1612.0,0.92,2640.0,0.91,542.0,0.57,3182.0,13.95,14.549999999999999,56.85,184.95,140.25,241.79999999999998,396.0,81.3
NTAGFU0030,20120705,-14.1349,134.3778,Grevillea pteridifolia,0.1,35,gda94,POINT (134.3778 -14.1349),Tefe,93.0,0.89,97.0,379.0,0.92,1233.0,0.92,935.0,0.83,1612.0,0.92,2640.0,0.91,542.0,0.57,3182.0,9.3,9.700000000000001,37.9,123.30000000000001,93.5,161.20000000000002,264.0,54.2
NTAGFU0030,20120705,-14.1349,134.3778,Melaleuca viridiflora,0.166666666666667,35,gda94,POINT (134.3778 -14.1349),Tefe,93.0,0.89,97.0,379.0,0.92,1233.0,0.92,935.0,0.83,1612.0,0.92,2640.0,0.91,542.0,0.57,3182.0,15.50000000000003,16.1666666666667,63.16666666666679,205.5000000000004,155.83333333333363,268.6666666666672,440.00000000000085,90.33333333333351
NTAGFU0030,20120705,-14.1349,134.3778,Petalostigma banksii,0.133333333333333,35,gda94,POINT (134.3778 -14.1349),Tefe,93.0,0.89,97.0,379.0,0.92,1233.0,0.92,935.0,0.83,1612.0,0.92,2640.0,0.91,542.0,0.57,3182.0,12.399999999999968,12.933333333333302,50.5333333333332,164.39999999999958,124.66666666666636,214.9333333333328,351.9999999999991,72.26666666666648
NTAGFU0031,20120706,-14.12586,134.3867,Asteromyrtus symphyocarpa,0.6625,36,gda94,POINT (134.3867 -14.12586),Tefe,93.0,0.89,97.0,379.0,0.92,1233.0,0.92,935.0,0.83,1612.0,0.92,2640.0,0.91,542.0,0.57,3182.0,61.6125,64.2625,251.0875,816.8625,619.4375,1067.95,1749.0,359.075
NTAGFU0031,20120706,-14.12586,134.3867,Calytrix exstipulata,0.32,36,gda94,POINT (134.3867 -14.12586),Tefe,93.0,0.89,97.0,379.0,0.92,1233.0,0.92,935.0,0.83,1612.0,0.92,2640.0,0.91,542.0,0.57,3182.0,29.76,31.04,121.28,394.56,299.2,515.84,844.8000000000001,173.44
NTAGFU0031,20120706,-14.12586,134.3867,Corymbia dichromophloia,0.385714285714286,36,gda94,POINT (134.3867 -14.12586),Tefe,93.0,0.89,97.0,379.0,0.92,1233.0,0.92,935.0,0.83,1612.0,0.92,2640.0,0.91,542.0,0.57,3182.0,35.8714285714286,37.41428571428574,146.1857142857144,475.58571428571463,360.6428571428574,621.771428571429,1018.285714285715,209.05714285714302
NTAGFU0031,20120706,-14.12586,134.3867,Melaleuca viridiflora,2.63125,36,gda94,POINT (134.3867 -14.12586),Tefe,93.0,0.89,97.0,379.0,0.92,1233.0,0.92,935.0,0.83,1612.0,0.92,2640.0,0.91,542.0,0.57,3182.0,244.70625,255.23125000000002,997.24375,3244.33125,2460.21875,4241.575,6946.5,1426.1375
NTAGFU0032,20120707,-14.15062,134.3736,Acacia shirleyi,0.3,37,gda94,POINT (134.3736 -14.15062),Tefe,93.0,0.89,97.0,379.0,0.92,1233.0,0.92,935.0,0.83,1612.0,0.92,2640.0,0.91,542.0,0.57,3182.0,27.9,29.099999999999998,113.7,369.9,280.5,483.59999999999997,792.0,162.6
NTAGFU0032,20120707,-14.15062,134.3736,Eucalyptus pruinosa,0.2,37,gda94,POINT (134.3736 -14.15062),Tefe,93.0,0.89,97.0,379.0,0.92,1233.0,0.92,935.0,0.83,1612.0,0.92,2640.0,0.91,542.0,0.57,3182.0,18.6,19.400000000000002,75.8,246.60000000000002,187.0,322.40000000000003,528.0,108.4
NTAGFU0032,20120707,-14.15062,134.3736,Melaleuca stenostachya,0.875,37,gda94,POINT (134.3736 -14.15062),Tefe,93.0,0.89,97.0,379.0,0.92,1233.0,0.92,935.0,0.83,1612.0,0.92,2640.0,0.91,542.0,0.57,3182.0,81.375,84.875,331.625,1078.875,818.125,1410.5,2310.0,474.25
NTAGFU0032,20120707,-14.15062,134.3736,Melaleuca viridiflora,0.3,37,gda94,POINT (134.3736 -14.15062),Tefe,93.0,0.89,97.0,379.0,0.92,1233.0,0.92,935.0,0.83,1612.0,0.92,2640.0,0.91,542.0,0.57,3182.0,27.9,29.099999999999998,113.7,369.9,280.5,483.59999999999997,792.0,162.6
NTAGFU0032,20120707,-14.15062,134.3736,Petalostigma banksii,0.2375,37,gda94,POINT (134.3736 -14.15062),Tefe,93.0,0.89,97.0,379.0,0.92,1233.0,0.92,935.0,0.83,1612.0,0.92,2640.0,0.91,542.0,0.57,3182.0,22.0875,23.037499999999998,90.0125,292.8375,222.0625,382.84999999999997,627.0,128.725
NTAGFU0033,20120708,-14.17696,134.3555,Acacia shirleyi,15.0,38,gda94,POINT (134.3555 -14.17696),Tefe,93.0,0.89,97.0,379.0,0.92,1233.0,0.92,935.0,0.83,1612.0,0.92,2640.0,0.91,542.0,0.57,3182.0,1395.0,1455.0,5685.0,18495.0,14025.0,24180.0,39600.0,8130.0
NTAGFU0033,20120708,-14.17696,134.3555,Callitris columellaris,1.5,38,gda94,POINT (134.3555 -14.17696),Tefe,93.0,0.89,97.0,379.0,0.92,1233.0,0.92,935.0,0.83,1612.0,0.92,2640.0,0.91,542.0,0.57,3182.0,139.5,145.5,568.5,1849.5,1402.5,2418.0,3960.0,813.0
NTAGFU0033,20120708,-14.17696,134.3555,Corymbia ferruginea,0.1,38,gda94,POINT (134.3555 -14.17696),Tefe,93.0,0.89,97.0,379.0,0.92,1233.0,0.92,935.0,0.83,1612.0,0.92,2640.0,0.91,542.0,0.57,3182.0,9.3,9.700000000000001,37.9,123.30000000000001,93.5,161.20000000000002,264.0,54.2
NTAGFU0033,20120708,-14.17696,134.3555,Eucalyptus leucophloia,1.5,38,gda94,POINT (134.3555 -14.17696),Tefe,93.0,0.89,97.0,379.0,0.92,1233.0,0.92,935.0,0.83,1612.0,0.92,2640.0,0.91,542.0,0.57,3182.0,139.5,145.5,568.5,1849.5,1402.5,2418.0,3960.0,813.0
NTAGFU0033,20120708,-14.17696,134.3555,Petalostigma banksii,0.25,38,gda94,POINT (134.3555 -14.17696),Tefe,93.0,0.89,97.0,379.0,0.92,1233.0,0.92,935.0,0.83,1612.0,0.92,2640.0,0.91,542.0,0.57,3182.0,23.25,24.25,94.75,308.25,233.75,403.0,660.0,135.5
NTAGFU0034,20120709,-14.06223,134.4216,Acacia holosericea,0.75,39,gda94,POINT (134.4216 -14.06223),Tefe,93.0,0.89,97.0,379.0,0.92,1233.0,0.92,935.0,0.83,1612.0,0.92,2640.0,0.91,542.0,0.57,3182.0,69.75,72.75,284.25,924.75,701.25,1209.0,1980.0,406.5
NTAGFU0034,20120709,-14.06223,134.4216,Eucalyptus microtheca,5.15625,39,gda94,POINT (134.4216 -14.06223),Tefe,93.0,0.89,97.0,379.0,0.92,1233.0,0.92,935.0,0.83,1612.0,0.92,2640.0,0.91,542.0,0.57,3182.0,479.53125,500.15625,1954.21875,6357.65625,4821.09375,8311.875,13612.5,2794.6875
NTAGFU0034,20120709,-14.06223,134.4216,Melaleuca viridiflora,1.075,39,gda94,POINT (134.4216 -14.06223),Tefe,93.0,0.89,97.0,379.0,0.92,1233.0,0.92,935.0,0.83,1612.0,0.92,2640.0,0.91,542.0,0.57,3182.0,99.975,104.27499999999999,407.425,1325.475,1005.125,1732.8999999999999,2838.0,582.65
NTAGFU0035,20120710,-14.04786,134.4207,Acacia shirleyi,0.7,40,gda94,POINT (134.4207 -14.04786),Tefe,93.0,0.89,97.0,379.0,0.92,1233.0,0.92,935.0,0.83,1612.0,0.92,2640.0,0.91,542.0,0.57,3182.0,65.1,67.89999999999999,265.3,863.0999999999999,654.5,1128.3999999999999,1847.9999999999998,379.4
NTAGFU0035,20120710,-14.04786,134.4207,Calytrix exstipulata,1.66666666666667,40,gda94,POINT (134.4207 -14.04786),Tefe,93.0,0.89,97.0,379.0,0.92,1233.0,0.92,935.0,0.83,1612.0,0.92,2640.0,0.91,542.0,0.57,3182.0,155.0000000000003,161.666666666667,631.666666666668,2055.000000000004,1558.3333333333364,2686.666666666672,4400.000000000009,903.3333333333352
NTAGFU0035,20120710,-14.04786,134.4207,Corymbia bella,0.5,40,gda94,POINT (134.4207 -14.04786),Tefe,93.0,0.89,97.0,379.0,0.92,1233.0,0.92,935.0,0.83,1612.0,0.92,2640.0,0.91,542.0,0.57,3182.0,46.5,48.5,189.5,616.5,467.5,806.0,1320.0,271.0
NTAGFU0035,20120710,-14.04786,134.4207,Eucalyptus microtheca,2.6875,40,gda94,POINT (134.4207 -14.04786),Tefe,93.0,0.89,97.0,379.0,0.92,1233.0,0.92,935.0,0.83,1612.0,0.92,2640.0,0.91,542.0,0.57,3182.0,249.9375,260.6875,1018.5625,3313.6875,2512.8125,4332.25,7095.0,1456.625
NTAGFU0035,20120710,-14.04786,134.4207,Gardenia megasperma,0.2,40,gda94,POINT (134.4207 -14.04786),Tefe,93.0,0.89,97.0,379.0,0.92,1233.0,0.92,935.0,0.83,1612.0,0.92,2640.0,0.91,542.0,0.57,3182.0,18.6,19.400000000000002,75.8,246.60000000000002,187.0,322.40000000000003,528.0,108.4
NTAGFU0035,20120710,-14.04786,134.4207,Melaleuca viridiflora,0.55,40,gda94,POINT (134.4207 -14.04786),Tefe,93.0,0.89,97.0,379.0,0.92,1233.0,0.92,935.0,0.83,1612.0,0.92,2640.0,0.91,542.0,0.57,3182.0,51.150000000000006,53.35,208.45000000000002,678.1500000000001,514.25,886.6,1452.0000000000002,298.1
NTAGFU0035,20120710,-14.04786,134.4207,Petalostigma pubescens,0.2,40,gda94,POINT (134.4207 -14.04786),Tefe,93.0,0.89,97.0,379.0,0.92,1233.0,0.92,935.0,0.83,1612.0,0.92,2640.0,0.91,542.0,0.57,3182.0,18.6,19.400000000000002,75.8,246.60000000000002,187.0,322.40000000000003,528.0,108.4
NTAGFU0036,20120711,-14.67457,133.863,Acacia shirleyi,8.22222222222222,41,gda94,POINT (133.863 -14.67457),Tefe,93.0,0.89,97.0,379.0,0.92,1233.0,0.92,935.0,0.83,1612.0,0.92,2640.0,0.91,542.0,0.57,3182.0,764.6666666666664,797.5555555555553,3116.2222222222213,10137.999999999996,7687.777777777776,13254.222222222219,21706.66666666666,4456.444444444443
NTAGFU0036,20120711,-14.67457,133.863,Alphitonia,0.2,41,gda94,POINT (133.863 -14.67457),Tefe,93.0,0.89,97.0,379.0,0.92,1233.0,0.92,935.0,0.83,1612.0,0.92,2640.0,0.91,542.0,0.57,3182.0,18.6,19.400000000000002,75.8,246.60000000000002,187.0,322.40000000000003,528.0,108.4
NTAGFU0036,20120711,-14.67457,133.863,Eucalyptus leucophloia,0.788888888888889,41,gda94,POINT (133.863 -14.67457),Tefe,93.0,0.89,97.0,379.0,0.92,1233.0,0.92,935.0,0.83,1612.0,0.92,2640.0,0.91,542.0,0.57,3182.0,73.36666666666667,76.52222222222223,298.98888888888894,972.7000000000002,737.6111111111112,1271.688888888889,2082.666666666667,427.57777777777784
NTAGFU0036,20120711,-14.67457,133.863,Grevillea striata,0.2,41,gda94,POINT (133.863 -14.67457),Tefe,93.0,0.89,97.0,379.0,0.92,1233.0,0.92,935.0,0.83,1612.0,0.92,2640.0,0.91,542.0,0.57,3182.0,18.6,19.400000000000002,75.8,246.60000000000002,187.0,322.40000000000003,528.0,108.4
NTAGFU0036,20120711,-14.67457,133.863,Terminalia canescens,0.2,41,gda94,POINT (133.863 -14.67457),Tefe,93.0,0.89,97.0,379.0,0.92,1233.0,0.92,935.0,0.83,1612.0,0.92,2640.0,0.91,542.0,0.57,3182.0,18.6,19.400000000000002,75.8,246.60000000000002,187.0,322.40000000000003,528.0,108.4
NTAGFU0037,20120712,-14.67367,133.8924,Atalaya hemiglauca,0.541666666666667,42,gda94,POINT (133.8924 -14.67367),Tefe,93.0,0.89,97.0,379.0,0.92,1233.0,0.92,935.0,0.83,1612.0,0.92,2640.0,0.91,542.0,0.57,3182.0,50.37500000000003,52.54166666666669,205.29166666666677,667.8750000000003,506.4583333333336,873.1666666666672,1430.0000000000007,293.5833333333335
NTAGFU0037,20120712,-14.67367,133.8924,Casuarina,0.5,42,gda94,POINT (133.8924 -14.67367),Tefe,93.0,0.89,97.0,379.0,0.92,1233.0,0.92,935.0,0.83,1612.0,0.92,2640.0,0.91,542.0,0.57,3182.0,46.5,48.5,189.5,616.5,467.5,806.0,1320.0,271.0
NTAGFU0037,20120712,-14.67367,133.8924,Cathormion umbellatum,0.55,42,gda94,POINT (133.8924 -14.67367),Tefe,93.0,0.89,97.0,379.0,0.92,1233.0,0.92,935.0,0.83,1612.0,0.92,2640.0,0.91,542.0,0.57,3182.0,51.150000000000006,53.35,208.45000000000002,678.1500000000001,514.25,886.6,1452.0000000000002,298.1
NTAGFU0037,20120712,-14.67367,133.8924,Eucalyptus microtheca,2.47222222222222,42,gda94,POINT (133.8924 -14.67367),Tefe,93.0,0.89,97.0,379.0,0.92,1233.0,0.92,935.0,0.83,1612.0,0.92,2640.0,0.91,542.0,0.57,3182.0,229.91666666666646,239.80555555555534,936.9722222222214,3048.2499999999973,2311.527777777776,3985.222222222219,6526.6666666666615,1339.9444444444432
NTAGFU0037,20120712,-14.67367,133.8924,Excoecaria parvifolia,3.77777777777778,42,gda94,POINT (133.8924 -14.67367),Tefe,93.0,0.89,97.0,379.0,0.92,1233.0,0.92,935.0,0.83,1612.0,0.92,2640.0,0.91,542.0,0.57,3182.0,351.33333333333354,366.4444444444446,1431.7777777777785,4658.000000000003,3532.222222222224,6089.777777777781,9973.33333333334,2047.5555555555568
NTAGFU0037,20120712,-14.67367,133.8924,Grevillea striata,0.1,42,gda94,POINT (133.8924 -14.67367),Tefe,93.0,0.89,97.0,379.0,0.92,1233.0,0.92,935.0,0.83,1612.0,0.92,2640.0,0.91,542.0,0.57,3182.0,9.3,9.700000000000001,37.9,123.30000000000001,93.5,161.20000000000002,264.0,54.2
NTAGFU0038,20120712,-14.68998,133.8937,Acacia shirleyi,12.5555555555556,43,gda94,POINT (133.8937 -14.68998),Tefe,93.0,0.89,97.0,379.0,0.92,1233.0,0.92,935.0,0.83,1612.0,0.92,2640.0,0.91,542.0,0.57,3182.0,1167.6666666666708,1217.8888888888932,4758.555555555572,15481.000000000055,11739.444444444485,20239.555555555628,33146.66666666678,6805.111111111135
NTAGFU0038,20120712,-14.68998,133.8937,Eucalyptus leucophloia,1.83333333333333,43,gda94,POINT (133.8937 -14.68998),Tefe,93.0,0.89,97.0,379.0,0.92,1233.0,0.92,935.0,0.83,1612.0,0.92,2640.0,0.91,542.0,0.57,3182.0,170.4999999999997,177.833333333333,694.833333333332,2260.499999999996,1714.1666666666636,2955.333333333328,4839.999999999991,993.6666666666648
NTAGFU0038,20120712,-14.68998,133.8937,Grevillea striata,0.75,43,gda94,POINT (133.8937 -14.68998),Tefe,93.0,0.89,97.0,379.0,0.92,1233.0,0.92,935.0,0.83,1612.0,0.92,2640.0,0.91,542.0,0.57,3182.0,69.75,72.75,284.25,924.75,701.25,1209.0,1980.0,406.5
NTAGFU0038,20120712,-14.68998,133.8937,Petalostigma banksii,0.6,43,gda94,POINT (133.8937 -14.68998),Tefe,93.0,0.89,97.0,379.0,0.92,1233.0,0.92,935.0,0.83,1612.0,0.92,2640.0,0.91,542.0,0.57,3182.0,55.8,58.199999999999996,227.4,739.8,561.0,967.1999999999999,1584.0,325.2
NTAGFU0039,20120714,-14.6768,133.8823,Brachychiton megaphyllus,0.1,44,gda94,POINT (133.8823 -14.6768),Tefe,93.0,0.89,97.0,379.0,0.92,1233.0,0.92,935.0,0.83,1612.0,0.92,2640.0,0.91,542.0,0.57,3182.0,9.3,9.700000000000001,37.9,123.30000000000001,93.5,161.20000000000002,264.0,54.2
NTAGFU0039,20120714,-14.6768,133.8823,Corymbia terminalis,0.75,44,gda94,POINT (133.8823 -14.6768),Tefe,93.0,0.89,97.0,379.0,0.92,1233.0,0.92,935.0,0.83,1612.0,0.92,2640.0,0.91,542.0,0.57,3182.0,69.75,72.75,284.25,924.75,701.25,1209.0,1980.0,406.5
NTAGFU0039,20120714,-14.6768,133.8823,Eucalyptus leucophloia,0.75,44,gda94,POINT (133.8823 -14.6768),Tefe,93.0,0.89,97.0,379.0,0.92,1233.0,0.92,935.0,0.83,1612.0,0.92,2640.0,0.91,542.0,0.57,3182.0,69.75,72.75,284.25,924.75,701.25,1209.0,1980.0,406.5
NTAGFU0039,20120714,-14.6768,133.8823,Eucalyptus pruinosa,2.8125,44,gda94,POINT (133.8823 -14.6768),Tefe,93.0,0.89,97.0,379.0,0.92,1233.0,0.92,935.0,0.83,1612.0,0.92,2640.0,0.91,542.0,0.57,3182.0,261.5625,272.8125,1065.9375,3467.8125,2629.6875,4533.75,7425.0,1524.375
NTAGFU0039,20120714,-14.6768,133.8823,Petalostigma banksii,0.5,44,gda94,POINT (133.8823 -14.6768),Tefe,93.0,0.89,97.0,379.0,0.92,1233.0,0.92,935.0,0.83,1612.0,0.92,2640.0,0.91,542.0,0.57,3182.0,46.5,48.5,189.5,616.5,467.5,806.0,1320.0,271.0
NTAGFU0039,20120714,-14.6768,133.8823,Terminalia canescens,0.5,44,gda94,POINT (133.8823 -14.6768),Tefe,93.0,0.89,97.0,379.0,0.92,1233.0,0.92,935.0,0.83,1612.0,0.92,2640.0,0.91,542.0,0.57,3182.0,46.5,48.5,189.5,616.5,467.5,806.0,1320.0,271.0
NTAGFU0039,20120714,-14.6768,133.8823,Terminalia platyptera,0.333333333333333,44,gda94,POINT (133.8823 -14.6768),Tefe,93.0,0.89,97.0,379.0,0.92,1233.0,0.92,935.0,0.83,1612.0,0.92,2640.0,0.91,542.0,0.57,3182.0,30.999999999999968,32.3333333333333,126.3333333333332,410.99999999999955,311.66666666666634,537.3333333333328,879.9999999999991,180.6666666666665
NTAGFU0040,20120715,-14.67371,133.8448,Acacia dimidiata,1.7375,45,gda94,POINT (133.8448 -14.67371),Tefe,93.0,0.89,97.0,379.0,0.92,1233.0,0.92,935.0,0.83,1612.0,0.92,2640.0,0.91,542.0,0.57,3182.0,161.5875,168.5375,658.5125,2142.3375,1624.5625,2800.85,4587.0,941.725
NTAGFU0040,20120715,-14.67371,133.8448,Corymbia bella,0.75,45,gda94,POINT (133.8448 -14.67371),Tefe,93.0,0.89,97.0,379.0,0.92,1233.0,0.92,935.0,0.83,1612.0,0.92,2640.0,0.91,542.0,0.57,3182.0,69.75,72.75,284.25,924.75,701.25,1209.0,1980.0,406.5
NTAGFU0040,20120715,-14.67371,133.8448,Eucalyptus tectifica,1.484375,45,gda94,POINT (133.8448 -14.67371),Tefe,93.0,0.89,97.0,379.0,0.92,1233.0,0.92,935.0,0.83,1612.0,0.92,2640.0,0.91,542.0,0.57,3182.0,138.046875,143.984375,562.578125,1830.234375,1387.890625,2392.8125,3918.75,804.53125
NTAGFU0040,20120715,-14.67371,133.8448,Petalostigma banksii,0.916666666666667,45,gda94,POINT (133.8448 -14.67371),Tefe,93.0,0.89,97.0,379.0,0.92,1233.0,0.92,935.0,0.83,1612.0,0.92,2640.0,0.91,542.0,0.57,3182.0,85.25000000000003,88.9166666666667,347.4166666666668,1130.2500000000005,857.0833333333336,1477.6666666666672,2420.000000000001,496.8333333333335
NTAGFU0040,20120715,-14.67371,133.8448,Terminalia platyptera,0.708333333333333,45,gda94,POINT (133.8448 -14.67371),Tefe,93.0,0.89,97.0,379.0,0.92,1233.0,0.92,935.0,0.83,1612.0,0.92,2640.0,0.91,542.0,0.57,3182.0,65.87499999999997,68.7083333333333,268.4583333333332,873.3749999999997,662.2916666666664,1141.8333333333328,1869.9999999999993,383.9166666666665
NTAGFU0041,20160502,-14.77999,132.8915,Brachychiton paradoxus,0.928571428571429,46,gda94,POINT (132.8915 -14.77999),Tefe,93.0,0.89,97.0,379.0,0.92,1233.0,0.92,935.0,0.83,1612.0,0.92,2640.0,0.91,542.0,0.57,3182.0,86.3571428571429,90.07142857142861,351.9285714285716,1144.928571428572,868.2142857142861,1496.8571428571436,2451.4285714285725,503.28571428571456
NTAGFU0041,20160502,-14.77999,132.8915,Corymbia,0.721428571428571,46,gda94,POINT (132.8915 -14.77999),Tefe,93.0,0.89,97.0,379.0,0.92,1233.0,0.92,935.0,0.83,1612.0,0.92,2640.0,0.91,542.0,0.57,3182.0,67.0928571428571,69.97857142857139,273.4214285714284,889.521428571428,674.5357142857139,1162.9428571428564,1904.5714285714273,391.01428571428545
NTAGFU0041,20160502,-14.77999,132.8915,Erythrophleum chlorostachys,2.25,46,gda94,POINT (132.8915 -14.77999),Erch,154.0,0.75,160.0,401.0,0.95,1044.0,0.92,814.0,0.62,1445.0,0.93,2413.0,0.82,542.0,0.57,2955.0,346.5,360.0,902.25,2349.0,1831.5,3251.25,5429.25,1219.5
NTAGFU0041,20160502,-14.77999,132.8915,Eucalyptus tectifica,4.46428571428571,46,gda94,POINT (132.8915 -14.77999),Tefe,93.0,0.89,97.0,379.0,0.92,1233.0,0.92,935.0,0.83,1612.0,0.92,2640.0,0.91,542.0,0.57,3182.0,415.17857142857105,433.0357142857139,1691.9642857142842,5504.464285714281,4174.107142857139,7196.428571428564,11785.714285714274,2419.6428571428546
NTAMGD0001,20140313,-20.02302,137.3271,Acacia georginae,4.46666666666667,47,gda94,POINT (137.3271 -20.02302),Tefe,93.0,0.89,97.0,379.0,0.92,1233.0,0.92,935.0,0.83,1612.0,0.92,2640.0,0.91,542.0,0.57,3182.0,415.4000000000003,433.26666666666705,1692.8666666666682,5507.400000000004,4176.333333333337,7200.266666666673,11792.00000000001,2420.933333333335
NTAMGD0002,20140312,-20.02464,137.3258,No basal,0.0,48,gda94,POINT (137.3258 -20.02464),Nobsl,0.0,0.0,0.0,0.0,0.0,0.0,0.0,0.0,0.0,0.0,0.0,0.0,0.0,0.0,0.0,0.0,0.0,0.0,0.0,0.0,0.0,0.0,0.0,0.0
NTAMGD0003,20160428,-17.35821,133.4389,Corymbia dichromophloia,1.63888888888889,49,gda94,POINT (133.4389 -17.35821),Tefe,93.0,0.89,97.0,379.0,0.92,1233.0,0.92,935.0,0.83,1612.0,0.92,2640.0,0.91,542.0,0.57,3182.0,152.41666666666677,158.9722222222223,621.1388888888893,2020.7500000000014,1532.361111111112,2641.8888888888905,4326.66666666667,888.2777777777784
NTAMGD0003,20160428,-17.35821,133.4389,Corymbia terminalis,0.675,49,gda94,POINT (133.4389 -17.35821),Tefe,93.0,0.89,97.0,379.0,0.92,1233.0,0.92,935.0,0.83,1612.0,0.92,2640.0,0.91,542.0,0.57,3182.0,62.775000000000006,65.47500000000001,255.82500000000002,832.2750000000001,631.125,1088.1000000000001,1782.0000000000002,365.85
NTAMGD0004,20160429,-17.52132,133.5235,No basal,0.0,50,gda94,POINT (133.5235 -17.52132),Nobsl,0.0,0.0,0.0,0.0,0.0,0.0,0.0,0.0,0.0,0.0,0.0,0.0,0.0,0.0,0.0,0.0,0.0,0.0,0.0,0.0,0.0,0.0,0.0,0.0
NTAMGD0005,20160429,-17.45585,133.4836,Acacia gonoclada,0.7,51,gda94,POINT (133.4836 -17.45585),Tefe,93.0,0.89,97.0,379.0,0.92,1233.0,0.92,935.0,0.83,1612.0,0.92,2640.0,0.91,542.0,0.57,3182.0,65.1,67.89999999999999,265.3,863.0999999999999,654.5,1128.3999999999999,1847.9999999999998,379.4
NTAMGD0005,20160429,-17.45585,133.4836,Corymbia setosa,2.95625,51,gda94,POINT (133.4836 -17.45585),Tefe,93.0,0.89,97.0,379.0,0.92,1233.0,0.92,935.0,0.83,1612.0,0.92,2640.0,0.91,542.0,0.57,3182.0,274.93125,286.75624999999997,1120.41875,3645.0562499999996,2764.09375,4765.474999999999,7804.499999999999,1602.2875
NTAMGD0005,20160429,-17.45585,133.4836,Grevillea refracta,0.3,51,gda94,POINT (133.4836 -17.45585),Tefe,93.0,0.89,97.0,379.0,0.92,1233.0,0.92,935.0,0.83,1612.0,0.92,2640.0,0.91,542.0,0.57,3182.0,27.9,29.099999999999998,113.7,369.9,280.5,483.59999999999997,792.0,162.6
NTAPCK0001,20160504,-12.67578,132.8181,Corymbia porrecta,0.875,52,gda94,POINT (132.8181 -12.67578),Eupo,73.0,0.85,76.0,326.0,0.98,1289.0,0.98,619.0,0.96,1616.0,0.9,2308.0,0.98,542.0,0.57,2850.0,63.875,66.5,285.25,1127.875,541.625,1414.0,2019.5,474.25
NTAPCK0001,20160504,-12.67578,132.8181,Erythrophleum chlorostachys,0.6,52,gda94,POINT (132.8181 -12.67578),Erch,154.0,0.75,160.0,401.0,0.95,1044.0,0.92,814.0,0.62,1445.0,0.93,2413.0,0.82,542.0,0.57,2955.0,92.39999999999999,96.0,240.6,626.4,488.4,867.0,1447.8,325.2
NTAPCK0001,20160504,-12.67578,132.8181,Eucalyptus miniata,3.25,52,gda94,POINT (132.8181 -12.67578),Eumi,50.0,0.96,52.0,218.0,0.92,1829.0,0.95,375.0,0.79,2047.0,0.96,2472.0,0.96,542.0,0.57,3014.0,162.5,169.0,708.5,5944.25,1218.75,6652.75,8034.0,1761.5
NTAPCK0001,20160504,-12.67578,132.8181,Eucalyptus tetrodonta,1.75,52,gda94,POINT (132.8181 -12.67578),Eute,122.0,0.84,127.0,341.0,0.99,2161.0,0.93,799.0,0.85,2502.0,0.95,3403.0,0.97,542.0,0.57,3945.0,213.5,222.25,596.75,3781.75,1398.25,4378.5,5955.25,948.5
NTAPCK0001,20160504,-12.67578,132.8181,Livistona humilis,0.333333333333333,52,gda94,POINT (132.8181 -12.67578),Tefe,93.0,0.89,97.0,379.0,0.92,1233.0,0.92,935.0,0.83,1612.0,0.92,2640.0,0.91,542.0,0.57,3182.0,30.999999999999968,32.3333333333333,126.3333333333332,410.99999999999955,311.66666666666634,537.3333333333328,879.9999999999991,180.6666666666665
NTAPCK0002,20160505,-12.82043,132.7935,Brachychiton megaphyllus,0.5,53,gda94,POINT (132.7935 -12.82043),Tefe,93.0,0.89,97.0,379.0,0.92,1233.0,0.92,935.0,0.83,1612.0,0.92,2640.0,0.91,542.0,0.57,3182.0,46.5,48.5,189.5,616.5,467.5,806.0,1320.0,271.0
NTAPCK0002,20160505,-12.82043,132.7935,Corymbia,1.57142857142857,53,gda94,POINT (132.7935 -12.82043),Tefe,93.0,0.89,97.0,379.0,0.92,1233.0,0.92,935.0,0.83,1612.0,0.92,2640.0,0.91,542.0,0.57,3182.0,146.14285714285703,152.4285714285713,595.5714285714281,1937.5714285714268,1469.285714285713,2533.142857142855,4148.571428571425,851.714285714285
NTAPCK0002,20160505,-12.82043,132.7935,Erythrophleum chlorostachys,1.5,53,gda94,POINT (132.7935 -12.82043),Erch,154.0,0.75,160.0,401.0,0.95,1044.0,0.92,814.0,0.62,1445.0,0.93,2413.0,0.82,542.0,0.57,2955.0,231.0,240.0,601.5,1566.0,1221.0,2167.5,3619.5,813.0
NTAPCK0002,20160505,-12.82043,132.7935,Eucalyptus miniata,2.36111111111111,53,gda94,POINT (132.7935 -12.82043),Eumi,50.0,0.96,52.0,218.0,0.92,1829.0,0.95,375.0,0.79,2047.0,0.96,2472.0,0.96,542.0,0.57,3014.0,118.05555555555549,122.77777777777771,514.722222222222,4318.47222222222,885.4166666666662,4833.194444444442,5836.666666666663,1279.7222222222215
NTAPCK0002,20160505,-12.82043,132.7935,Eucalyptus tetrodonta,3.5,53,gda94,POINT (132.7935 -12.82043),Eute,122.0,0.84,127.0,341.0,0.99,2161.0,0.93,799.0,0.85,2502.0,0.95,3403.0,0.97,542.0,0.57,3945.0,427.0,444.5,1193.5,7563.5,2796.5,8757.0,11910.5,1897.0
NTAPCK0002,20160505,-12.82043,132.7935,Livistona humilis,2.0,53,gda94,POINT (132.7935 -12.82043),Tefe,93.0,0.89,97.0,379.0,0.92,1233.0,0.92,935.0,0.83,1612.0,0.92,2640.0,0.91,542.0,0.57,3182.0,186.0,194.0,758.0,2466.0,1870.0,3224.0,5280.0,1084.0
NTAPCK0002,20160505,-12.82043,132.7935,Terminalia,0.49375,53,gda94,POINT (132.7935 -12.82043),Tefe,93.0,0.89,97.0,379.0,0.92,1233.0,0.92,935.0,0.83,1612.0,0.92,2640.0,0.91,542.0,0.57,3182.0,45.91875,47.893750000000004,187.13125,608.79375,461.65625,795.9250000000001,1303.5,267.6125
NTASTU0001,20160430,-15.87686,133.4119,Bauhinia cunninghamii,0.6,54,gda94,POINT (133.4119 -15.87686),Tefe,93.0,0.89,97.0,379.0,0.92,1233.0,0.92,935.0,0.83,1612.0,0.92,2640.0,0.91,542.0,0.57,3182.0,55.8,58.199999999999996,227.4,739.8,561.0,967.1999999999999,1584.0,325.2
NTASTU0001,20160430,-15.87686,133.4119,Corymbia flavescens,0.185714285714286,54,gda94,POINT (133.4119 -15.87686),Tefe,93.0,0.89,97.0,379.0,0.92,1233.0,0.92,935.0,0.83,1612.0,0.92,2640.0,0.91,542.0,0.57,3182.0,17.271428571428597,18.01428571428574,70.3857142857144,228.98571428571464,173.6428571428574,299.371428571429,490.285714285715,100.65714285714301
NTASTU0001,20160430,-15.87686,133.4119,Corymbia polycarpa,0.511111111111111,54,gda94,POINT (133.4119 -15.87686),Tefe,93.0,0.89,97.0,379.0,0.92,1233.0,0.92,935.0,0.83,1612.0,0.92,2640.0,0.91,542.0,0.57,3182.0,47.53333333333332,49.57777777777776,193.71111111111105,630.1999999999998,477.88888888888874,823.9111111111108,1349.333333333333,277.0222222222221
NTASTU0001,20160430,-15.87686,133.4119,Erythrophleum chlorostachys,0.533333333333333,54,gda94,POINT (133.4119 -15.87686),Erch,154.0,0.75,160.0,401.0,0.95,1044.0,0.92,814.0,0.62,1445.0,0.93,2413.0,0.82,542.0,0.57,2955.0,82.13333333333328,85.33333333333329,213.86666666666653,556.7999999999996,434.13333333333304,770.6666666666662,1286.9333333333325,289.0666666666665
NTASTU0001,20160430,-15.87686,133.4119,Eucalyptus patellaris,1.46111111111111,54,gda94,POINT (133.4119 -15.87686),Tefe,93.0,0.89,97.0,379.0,0.92,1233.0,0.92,935.0,0.83,1612.0,0.92,2640.0,0.91,542.0,0.57,3182.0,135.8833333333332,141.72777777777767,553.7611111111106,1801.5499999999986,1366.1388888888878,2355.3111111111093,3857.3333333333303,791.9222222222215
NTASTU0001,20160430,-15.87686,133.4119,Hakea arborescens,0.1,54,gda94,POINT (133.4119 -15.87686),Tefe,93.0,0.89,97.0,379.0,0.92,1233.0,0.92,935.0,0.83,1612.0,0.92,2640.0,0.91,542.0,0.57,3182.0,9.3,9.700000000000001,37.9,123.30000000000001,93.5,161.20000000000002,264.0,54.2
NTASTU0002,20160501,-15.76784,133.3782,Bauhinia cunninghamii,0.1,55,gda94,POINT (133.3782 -15.76784),Tefe,93.0,0.89,97.0,379.0,0.92,1233.0,0.92,935.0,0.83,1612.0,0.92,2640.0,0.91,542.0,0.57,3182.0,9.3,9.700000000000001,37.9,123.30000000000001,93.5,161.20000000000002,264.0,54.2
NTASTU0002,20160501,-15.76784,133.3782,Corymbia confertiflora,0.65625,55,gda94,POINT (133.3782 -15.76784),Tefe,93.0,0.89,97.0,379.0,0.92,1233.0,0.92,935.0,0.83,1612.0,0.92,2640.0,0.91,542.0,0.57,3182.0,61.03125,63.65625,248.71875,809.15625,613.59375,1057.875,1732.5,355.6875
NTASTU0002,20160501,-15.76784,133.3782,Corymbia polycarpa,1.71111111111111,55,gda94,POINT (133.3782 -15.76784),Tefe,93.0,0.89,97.0,379.0,0.92,1233.0,0.92,935.0,0.83,1612.0,0.92,2640.0,0.91,542.0,0.57,3182.0,159.1333333333332,165.97777777777767,648.5111111111106,2109.7999999999984,1599.8888888888878,2758.3111111111093,4517.33333333333,927.4222222222215
NTASTU0002,20160501,-15.76784,133.3782,Erythrina vespertilio,-0.2,55,gda94,POINT (133.3782 -15.76784),Tefe,93.0,0.89,97.0,379.0,0.92,1233.0,0.92,935.0,0.83,1612.0,0.92,2640.0,0.91,542.0,0.57,3182.0,-18.6,-19.400000000000002,-75.8,-246.60000000000002,-187.0,-322.40000000000003,-528.0,-108.4
NTASTU0002,20160501,-15.76784,133.3782,Erythrophleum chlorostachys,0.433333333333333,55,gda94,POINT (133.3782 -15.76784),Erch,154.0,0.75,160.0,401.0,0.95,1044.0,0.92,814.0,0.62,1445.0,0.93,2413.0,0.82,542.0,0.57,2955.0,66.73333333333328,69.33333333333329,173.76666666666654,452.3999999999997,352.73333333333306,626.1666666666662,1045.6333333333325,234.8666666666665
NTASTU0002,20160501,-15.76784,133.3782,Eucalyptus chlorophylla,0.2,55,gda94,POINT (133.3782 -15.76784),Tefe,93.0,0.89,97.0,379.0,0.92,1233.0,0.92,935.0,0.83,1612.0,0.92,2640.0,0.91,542.0,0.57,3182.0,18.6,19.400000000000002,75.8,246.60000000000002,187.0,322.40000000000003,528.0,108.4
NTASTU0002,20160501,-15.76784,133.3782,Eucalyptus pruinosa,1.83333333333333,55,gda94,POINT (133.3782 -15.76784),Tefe,93.0,0.89,97.0,379.0,0.92,1233.0,0.92,935.0,0.83,1612.0,0.92,2640.0,0.91,542.0,0.57,3182.0,170.4999999999997,177.833333333333,694.833333333332,2260.499999999996,1714.1666666666636,2955.333333333328,4839.999999999991,993.6666666666648
NTASTU0002,20160501,-15.76784,133.3782,Gardenia ewartii,0.1,55,gda94,POINT (133.3782 -15.76784),Tefe,93.0,0.89,97.0,379.0,0.92,1233.0,0.92,935.0,0.83,1612.0,0.92,2640.0,0.91,542.0,0.57,3182.0,9.3,9.700000000000001,37.9,123.30000000000001,93.5,161.20000000000002,264.0,54.2
NTASTU0002,20160501,-15.76784,133.3782,Hakea arborescens,0.15,55,gda94,POINT (133.3782 -15.76784),Tefe,93.0,0.89,97.0,379.0,0.92,1233.0,0.92,935.0,0.83,1612.0,0.92,2640.0,0.91,542.0,0.57,3182.0,13.95,14.549999999999999,56.85,184.95,140.25,241.79999999999998,396.0,81.3
NTASTU0002,20160501,-15.76784,133.3782,Terminalia canescens,-0.4,55,gda94,POINT (133.3782 -15.76784),Tefe,93.0,0.89,97.0,379.0,0.92,1233.0,0.92,935.0,0.83,1612.0,0.92,2640.0,0.91,542.0,0.57,3182.0,-37.2,-38.800000000000004,-151.6,-493.20000000000005,-374.0,-644.8000000000001,-1056.0,-216.8
NTASTU0003,20160501,-15.70665,133.3275,Bauhinia cunninghamii,0.35,56,gda94,POINT (133.3275 -15.70665),Tefe,93.0,0.89,97.0,379.0,0.92,1233.0,0.92,935.0,0.83,1612.0,0.92,2640.0,0.91,542.0,0.57,3182.0,32.55,33.949999999999996,132.65,431.54999999999995,327.25,564.1999999999999,923.9999999999999,189.7
NTASTU0003,20160501,-15.70665,133.3275,Corymbia dichromophloia,0.26,56,gda94,POINT (133.3275 -15.70665),Tefe,93.0,0.89,97.0,379.0,0.92,1233.0,0.92,935.0,0.83,1612.0,0.92,2640.0,0.91,542.0,0.57,3182.0,24.18,25.220000000000002,98.54,320.58,243.1,419.12,686.4,140.92000000000002
NTASTU0003,20160501,-15.70665,133.3275,Corymbia polycarpa,0.275,56,gda94,POINT (133.3275 -15.70665),Tefe,93.0,0.89,97.0,379.0,0.92,1233.0,0.92,935.0,0.83,1612.0,0.92,2640.0,0.91,542.0,0.57,3182.0,25.575000000000003,26.675,104.22500000000001,339.07500000000005,257.125,443.3,726.0000000000001,149.05
NTASTU0003,20160501,-15.70665,133.3275,Erythrophleum chlorostachys,0.6,56,gda94,POINT (133.3275 -15.70665),Erch,154.0,0.75,160.0,401.0,0.95,1044.0,0.92,814.0,0.62,1445.0,0.93,2413.0,0.82,542.0,0.57,2955.0,92.39999999999999,96.0,240.6,626.4,488.4,867.0,1447.8,325.2
NTASTU0003,20160501,-15.70665,133.3275,Eucalyptus patellaris,0.75,56,gda94,POINT (133.3275 -15.70665),Tefe,93.0,0.89,97.0,379.0,0.92,1233.0,0.92,935.0,0.83,1612.0,0.92,2640.0,0.91,542.0,0.57,3182.0,69.75,72.75,284.25,924.75,701.25,1209.0,1980.0,406.5
NTASTU0004,20160503,-14.86384,132.9914,Brachychiton diversifolius,0.466666666666667,57,gda94,POINT (132.9914 -14.86384),Tefe,93.0,0.89,97.0,379.0,0.92,1233.0,0.92,935.0,0.83,1612.0,0.92,2640.0,0.91,542.0,0.57,3182.0,43.400000000000034,45.2666666666667,176.8666666666668,575.4000000000004,436.33333333333366,752.2666666666672,1232.000000000001,252.9333333333335
NTASTU0004,20160503,-14.86384,132.9914,Corymbia,0.821428571428571,57,gda94,POINT (132.9914 -14.86384),Tefe,93.0,0.89,97.0,379.0,0.92,1233.0,0.92,935.0,0.83,1612.0,0.92,2640.0,0.91,542.0,0.57,3182.0,76.3928571428571,79.67857142857139,311.3214285714284,1012.821428571428,768.0357142857139,1324.1428571428564,2168.5714285714275,445.21428571428544
NTASTU0004,20160503,-14.86384,132.9914,Erythrophleum chlorostachys,2.32142857142857,57,gda94,POINT (132.9914 -14.86384),Erch,154.0,0.75,160.0,401.0,0.95,1044.0,0.92,814.0,0.62,1445.0,0.93,2413.0,0.82,542.0,0.57,2955.0,357.4999999999998,371.42857142857116,930.8928571428565,2423.571428571427,1889.6428571428557,3354.4642857142835,5601.6071428571395,1258.2142857142849
NTASTU0004,20160503,-14.86384,132.9914,Eucalyptus tectifica,1.37857142857143,57,gda94,POINT (132.9914 -14.86384),Tefe,93.0,0.89,97.0,379.0,0.92,1233.0,0.92,935.0,0.83,1612.0,0.92,2640.0,0.91,542.0,0.57,3182.0,128.20714285714297,133.7214285714287,522.478571428572,1699.778571428573,1288.964285714287,2222.257142857145,3639.4285714285747,747.185714285715
NTASTU0004,20160503,-14.86384,132.9914,Terminalia grandiflora,0.35,57,gda94,POINT (132.9914 -14.86384),Tefe,93.0,0.89,97.0,379.0,0.92,1233.0,0.92,935.0,0.83,1612.0,0.92,2640.0,0.91,542.0,0.57,3182.0,32.55,33.949999999999996,132.65,431.54999999999995,327.25,564.1999999999999,923.9999999999999,189.7
NTASTU0004,20160503,-14.86384,132.9914,Vachellia valida,0.2125,57,gda94,POINT (132.9914 -14.86384),Tefe,93.0,0.89,97.0,379.0,0.92,1233.0,0.92,935.0,0.83,1612.0,0.92,2640.0,0.91,542.0,0.57,3182.0,19.7625,20.6125,80.5375,262.0125,198.6875,342.55,561.0,115.175
NTASTU0005,20160503,-14.90864,133.0478,Bauhinia cunninghamii,0.82,58,gda94,POINT (133.0478 -14.90864),Tefe,93.0,0.89,97.0,379.0,0.92,1233.0,0.92,935.0,0.83,1612.0,0.92,2640.0,0.91,542.0,0.57,3182.0,76.25999999999999,79.53999999999999,310.78,1011.06,766.6999999999999,1321.84,2164.7999999999997,444.44
NTASTU0005,20160503,-14.90864,133.0478,Brachychiton diversifolius,0.728571428571429,58,gda94,POINT (133.0478 -14.90864),Tefe,93.0,0.89,97.0,379.0,0.92,1233.0,0.92,935.0,0.83,1612.0,0.92,2640.0,0.91,542.0,0.57,3182.0,67.7571428571429,70.6714285714286,276.1285714285716,898.3285714285719,681.2142857142861,1174.4571428571435,1923.4285714285725,394.8857142857145
NTASTU0005,20160503,-14.90864,133.0478,Corymbia,1.35,58,gda94,POINT (133.0478 -14.90864),Tefe,93.0,0.89,97.0,379.0,0.92,1233.0,0.92,935.0,0.83,1612.0,0.92,2640.0,0.91,542.0,0.57,3182.0,125.55000000000001,130.95000000000002,511.65000000000003,1664.5500000000002,1262.25,2176.2000000000003,3564.0000000000005,731.7
NTASTU0005,20160503,-14.90864,133.0478,Erythrophleum chlorostachys,3.36111111111111,58,gda94,POINT (133.0478 -14.90864),Erch,154.0,0.75,160.0,401.0,0.95,1044.0,0.92,814.0,0.62,1445.0,0.93,2413.0,0.82,542.0,0.57,2955.0,517.6111111111109,537.7777777777776,1347.805555555555,3508.9999999999986,2735.9444444444434,4856.805555555554,8110.361111111108,1821.7222222222215
NTASTU0005,20160503,-14.90864,133.0478,Terminalia grandiflora,0.525,58,gda94,POINT (133.0478 -14.90864),Tefe,93.0,0.89,97.0,379.0,0.92,1233.0,0.92,935.0,0.83,1612.0,0.92,2640.0,0.91,542.0,0.57,3182.0,48.825,50.925000000000004,198.975,647.325,490.875,846.3000000000001,1386.0,284.55
NTTDAB0001,20140317,-13.96288,131.674,Acacia mimula,0.363636363636364,59,gda94,POINT (131.674 -13.96288),Tefe,93.0,0.89,97.0,379.0,0.92,1233.0,0.92,935.0,0.83,1612.0,0.92,2640.0,0.91,542.0,0.57,3182.0,33.81818181818185,35.27272727272731,137.81818181818196,448.3636363636368,340.00000000000034,586.1818181818187,960.0000000000009,197.09090909090926
NTTDAB0001,20140317,-13.96288,131.674,Buchanania obovata,0.1,59,gda94,POINT (131.674 -13.96288),Tefe,93.0,0.89,97.0,379.0,0.92,1233.0,0.92,935.0,0.83,1612.0,0.92,2640.0,0.91,542.0,0.57,3182.0,9.3,9.700000000000001,37.9,123.30000000000001,93.5,161.20000000000002,264.0,54.2
NTTDAB0001,20140317,-13.96288,131.674,Corymbia ferruginea,0.1,59,gda94,POINT (131.674 -13.96288),Tefe,93.0,0.89,97.0,379.0,0.92,1233.0,0.92,935.0,0.83,1612.0,0.92,2640.0,0.91,542.0,0.57,3182.0,9.3,9.700000000000001,37.9,123.30000000000001,93.5,161.20000000000002,264.0,54.2
NTTDAB0001,20140317,-13.96288,131.674,Erythrophleum chlorostachys,0.12,59,gda94,POINT (131.674 -13.96288),Erch,154.0,0.75,160.0,401.0,0.95,1044.0,0.92,814.0,0.62,1445.0,0.93,2413.0,0.82,542.0,0.57,2955.0,18.48,19.2,48.12,125.28,97.67999999999999,173.4,289.56,65.03999999999999
NTTDAB0001,20140317,-13.96288,131.674,Eucalyptus miniata,2.7,59,gda94,POINT (131.674 -13.96288),Eumi,50.0,0.96,52.0,218.0,0.92,1829.0,0.95,375.0,0.79,2047.0,0.96,2472.0,0.96,542.0,0.57,3014.0,135.0,140.4,588.6,4938.3,1012.5000000000001,5526.900000000001,6674.400000000001,1463.4
NTTDAB0001,20140317,-13.96288,131.674,Eucalyptus tetrodonta,0.916666666666667,59,gda94,POINT (131.674 -13.96288),Eute,122.0,0.84,127.0,341.0,0.99,2161.0,0.93,799.0,0.85,2502.0,0.95,3403.0,0.97,542.0,0.57,3945.0,111.83333333333337,116.4166666666667,312.5833333333334,1980.9166666666672,732.4166666666669,2293.500000000001,3119.416666666668,496.8333333333335
NTTDAB0001,20140317,-13.96288,131.674,Owenia vernicosa,0.15,59,gda94,POINT (131.674 -13.96288),Tefe,93.0,0.89,97.0,379.0,0.92,1233.0,0.92,935.0,0.83,1612.0,0.92,2640.0,0.91,542.0,0.57,3182.0,13.95,14.549999999999999,56.85,184.95,140.25,241.79999999999998,396.0,81.3
NTTDAB0001,20140317,-13.96288,131.674,Terminalia carpentariae,0.3,59,gda94,POINT (131.674 -13.96288),Tefe,93.0,0.89,97.0,379.0,0.92,1233.0,0.92,935.0,0.83,1612.0,0.92,2640.0,0.91,542.0,0.57,3182.0,27.9,29.099999999999998,113.7,369.9,280.5,483.59999999999997,792.0,162.6
NTTDAB0001,20140317,-13.96288,131.674,Xanthostemon paradoxus,0.366666666666667,59,gda94,POINT (131.674 -13.96288),Tefe,93.0,0.89,97.0,379.0,0.92,1233.0,0.92,935.0,0.83,1612.0,0.92,2640.0,0.91,542.0,0.57,3182.0,34.10000000000003,35.5666666666667,138.96666666666678,452.10000000000036,342.8333333333336,591.0666666666672,968.0000000000008,198.7333333333335
NTTDAC0001,20140318,-13.13983,130.7957,Acacia difficilis,0.1,60,gda94,POINT (130.7957 -13.13983),Tefe,93.0,0.89,97.0,379.0,0.92,1233.0,0.92,935.0,0.83,1612.0,0.92,2640.0,0.91,542.0,0.57,3182.0,9.3,9.700000000000001,37.9,123.30000000000001,93.5,161.20000000000002,264.0,54.2
NTTDAC0001,20140318,-13.13983,130.7957,Corymbia ptychocarpa,0.22,60,gda94,POINT (130.7957 -13.13983),Tefe,93.0,0.89,97.0,379.0,0.92,1233.0,0.92,935.0,0.83,1612.0,0.92,2640.0,0.91,542.0,0.57,3182.0,20.46,21.34,83.38,271.26,205.7,354.64,580.8,119.24
NTTDAC0001,20140318,-13.13983,130.7957,Croton arnhemicus,0.133333333333333,60,gda94,POINT (130.7957 -13.13983),Tefe,93.0,0.89,97.0,379.0,0.92,1233.0,0.92,935.0,0.83,1612.0,0.92,2640.0,0.91,542.0,0.57,3182.0,12.399999999999968,12.933333333333302,50.5333333333332,164.39999999999958,124.66666666666636,214.9333333333328,351.9999999999991,72.26666666666648
NTTDAC0001,20140318,-13.13983,130.7957,Erythrophleum chlorostachys,0.433333333333333,60,gda94,POINT (130.7957 -13.13983),Erch,154.0,0.75,160.0,401.0,0.95,1044.0,0.92,814.0,0.62,1445.0,0.93,2413.0,0.82,542.0,0.57,2955.0,66.73333333333328,69.33333333333329,173.76666666666654,452.3999999999997,352.73333333333306,626.1666666666662,1045.6333333333325,234.8666666666665
NTTDAC0001,20140318,-13.13983,130.7957,Eucalyptus miniata,0.475,60,gda94,POINT (130.7957 -13.13983),Eumi,50.0,0.96,52.0,218.0,0.92,1829.0,0.95,375.0,0.79,2047.0,0.96,2472.0,0.96,542.0,0.57,3014.0,23.75,24.7,103.55,868.775,178.125,972.3249999999999,1174.2,257.45
NTTDAC0001,20140318,-13.13983,130.7957,Eucalyptus tetrodonta,5.06111111111111,60,gda94,POINT (130.7957 -13.13983),Eute,122.0,0.84,127.0,341.0,0.99,2161.0,0.93,799.0,0.85,2502.0,0.95,3403.0,0.97,542.0,0.57,3945.0,617.4555555555554,642.761111111111,1725.8388888888885,10937.061111111108,4043.827777777777,12662.899999999998,17222.961111111108,2743.122222222222
NTTDAC0001,20140318,-13.13983,130.7957,Grevillea pteridifolia,0.133333333333333,60,gda94,POINT (130.7957 -13.13983),Tefe,93.0,0.89,97.0,379.0,0.92,1233.0,0.92,935.0,0.83,1612.0,0.92,2640.0,0.91,542.0,0.57,3182.0,12.399999999999968,12.933333333333302,50.5333333333332,164.39999999999958,124.66666666666636,214.9333333333328,351.9999999999991,72.26666666666648
NTTDAC0001,20140318,-13.13983,130.7957,Livistona humilis,0.1,60,gda94,POINT (130.7957 -13.13983),Tefe,93.0,0.89,97.0,379.0,0.92,1233.0,0.92,935.0,0.83,1612.0,0.92,2640.0,0.91,542.0,0.57,3182.0,9.3,9.700000000000001,37.9,123.30000000000001,93.5,161.20000000000002,264.0,54.2
NTTDAC0001,20140318,-13.13983,130.7957,Syzygium suborbiculare,0.1,60,gda94,POINT (130.7957 -13.13983),Tefe,93.0,0.89,97.0,379.0,0.92,1233.0,0.92,935.0,0.83,1612.0,0.92,2640.0,0.91,542.0,0.57,3182.0,9.3,9.700000000000001,37.9,123.30000000000001,93.5,161.20000000000002,264.0,54.2
NTTMGD0001,20140315,-17.28297,133.4239,Bauhinia gilva,0.821428571428571,61,gda94,POINT (133.4239 -17.28297),Tefe,93.0,0.89,97.0,379.0,0.92,1233.0,0.92,935.0,0.83,1612.0,0.92,2640.0,0.91,542.0,0.57,3182.0,76.3928571428571,79.67857142857139,311.3214285714284,1012.821428571428,768.0357142857139,1324.1428571428564,2168.5714285714275,445.21428571428544
NTTMGD0001,20140315,-17.28297,133.4239,Eucalyptus microtheca,1.48055555555556,61,gda94,POINT (133.4239 -17.28297),Tefe,93.0,0.89,97.0,379.0,0.92,1233.0,0.92,935.0,0.83,1612.0,0.92,2640.0,0.91,542.0,0.57,3182.0,137.6916666666671,143.61388888888933,561.1305555555573,1825.5250000000055,1384.3194444444487,2386.655555555563,3908.666666666679,802.4611111111136
NTTMGD0001,20140315,-17.28297,133.4239,Excoecaria parvifolia,0.5,61,gda94,POINT (133.4239 -17.28297),Tefe,93.0,0.89,97.0,379.0,0.92,1233.0,0.92,935.0,0.83,1612.0,0.92,2640.0,0.91,542.0,0.57,3182.0,46.5,48.5,189.5,616.5,467.5,806.0,1320.0,271.0
NTTMGD0001,20140315,-17.28297,133.4239,Grevillea striata,0.4,61,gda94,POINT (133.4239 -17.28297),Tefe,93.0,0.89,97.0,379.0,0.92,1233.0,0.92,935.0,0.83,1612.0,0.92,2640.0,0.91,542.0,0.57,3182.0,37.2,38.800000000000004,151.6,493.20000000000005,374.0,644.8000000000001,1056.0,216.8
NTTPCK0001,20140319,-12.87196,131.127,Corymbia dichromophloia,0.3,62,gda94,POINT (131.127 -12.87196),Tefe,93.0,0.89,97.0,379.0,0.92,1233.0,0.92,935.0,0.83,1612.0,0.92,2640.0,0.91,542.0,0.57,3182.0,27.9,29.099999999999998,113.7,369.9,280.5,483.59999999999997,792.0,162.6
NTTPCK0001,20140319,-12.87196,131.127,Corymbia grandifolia,0.214285714285714,62,gda94,POINT (131.127 -12.87196),Tefe,93.0,0.89,97.0,379.0,0.92,1233.0,0.92,935.0,0.83,1612.0,0.92,2640.0,0.91,542.0,0.57,3182.0,19.928571428571402,20.785714285714256,81.21428571428561,264.2142857142854,200.35714285714258,345.428571428571,565.714285714285,116.14285714285698
NTTPCK0001,20140319,-12.87196,131.127,Cycas armstrongii,0.34,62,gda94,POINT (131.127 -12.87196),Tefe,93.0,0.89,97.0,379.0,0.92,1233.0,0.92,935.0,0.83,1612.0,0.92,2640.0,0.91,542.0,0.57,3182.0,31.62,32.980000000000004,128.86,419.22,317.90000000000003,548.08,897.6,184.28
NTTPCK0001,20140319,-12.87196,131.127,Erythrophleum chlorostachys,0.625,62,gda94,POINT (131.127 -12.87196),Erch,154.0,0.75,160.0,401.0,0.95,1044.0,0.92,814.0,0.62,1445.0,0.93,2413.0,0.82,542.0,0.57,2955.0,96.25,100.0,250.625,652.5,508.75,903.125,1508.125,338.75
NTTPCK0001,20140319,-12.87196,131.127,Eucalyptus miniata,0.961111111111111,62,gda94,POINT (131.127 -12.87196),Eumi,50.0,0.96,52.0,218.0,0.92,1829.0,0.95,375.0,0.79,2047.0,0.96,2472.0,0.96,542.0,0.57,3014.0,48.05555555555555,49.977777777777774,209.5222222222222,1757.872222222222,360.41666666666663,1967.3944444444442,2375.8666666666663,520.9222222222222
NTTPCK0001,20140319,-12.87196,131.127,Eucalyptus tetrodonta,2.4,62,gda94,POINT (131.127 -12.87196),Eute,122.0,0.84,127.0,341.0,0.99,2161.0,0.93,799.0,0.85,2502.0,0.95,3403.0,0.97,542.0,0.57,3945.0,292.8,304.8,818.4,5186.4,1917.6,6004.8,8167.2,1300.8
NTTPCK0001,20140319,-12.87196,131.127,Livistona humilis,0.35,62,gda94,POINT (131.127 -12.87196),Tefe,93.0,0.89,97.0,379.0,0.92,1233.0,0.92,935.0,0.83,1612.0,0.92,2640.0,0.91,542.0,0.57,3182.0,32.55,33.949999999999996,132.65,431.54999999999995,327.25,564.1999999999999,923.9999999999999,189.7
NTTPCK0001,20140319,-12.87196,131.127,Terminalia ferdinandiana,0.65,62,gda94,POINT (131.127 -12.87196),Tefe,93.0,0.89,97.0,379.0,0.92,1233.0,0.92,935.0,0.83,1612.0,0.92,2640.0,0.91,542.0,0.57,3182.0,60.45,63.050000000000004,246.35,801.45,607.75,1047.8,1716.0,352.3
NTTPCK0001,20140319,-12.87196,131.127,Xanthostemon paradoxus,0.25,62,gda94,POINT (131.127 -12.87196),Tefe,93.0,0.89,97.0,379.0,0.92,1233.0,0.92,935.0,0.83,1612.0,0.92,2640.0,0.91,542.0,0.57,3182.0,23.25,24.25,94.75,308.25,233.75,403.0,660.0,135.5
NTTSTU0001,20140315,-16.63024,133.2712,Acacia shirleyi,7.21111111111111,63,gda94,POINT (133.2712 -16.63024),Tefe,93.0,0.89,97.0,379.0,0.92,1233.0,0.92,935.0,0.83,1612.0,0.92,2640.0,0.91,542.0,0.57,3182.0,670.6333333333332,699.4777777777778,2733.011111111111,8891.3,6742.388888888888,11624.31111111111,19037.333333333332,3908.422222222222
NTTSTU0001,20140315,-16.63024,133.2712,Corymbia terminalis,0.2,63,gda94,POINT (133.2712 -16.63024),Tefe,93.0,0.89,97.0,379.0,0.92,1233.0,0.92,935.0,0.83,1612.0,0.92,2640.0,0.91,542.0,0.57,3182.0,18.6,19.400000000000002,75.8,246.60000000000002,187.0,322.40000000000003,528.0,108.4
NTTSTU0001,20140315,-16.63024,133.2712,Ehretia saligna,0.25,63,gda94,POINT (133.2712 -16.63024),Tefe,93.0,0.89,97.0,379.0,0.92,1233.0,0.92,935.0,0.83,1612.0,0.92,2640.0,0.91,542.0,0.57,3182.0,23.25,24.25,94.75,308.25,233.75,403.0,660.0,135.5
NTTSTU0001,20140315,-16.63024,133.2712,Eucalyptus coolabah,0.2,63,gda94,POINT (133.2712 -16.63024),Tefe,93.0,0.89,97.0,379.0,0.92,1233.0,0.92,935.0,0.83,1612.0,0.92,2640.0,0.91,542.0,0.57,3182.0,18.6,19.400000000000002,75.8,246.60000000000002,187.0,322.40000000000003,528.0,108.4
NTTSTU0001,20140315,-16.63024,133.2712,Gyrocarpus americanus,0.1,63,gda94,POINT (133.2712 -16.63024),Tefe,93.0,0.89,97.0,379.0,0.92,1233.0,0.92,935.0,0.83,1612.0,0.92,2640.0,0.91,542.0,0.57,3182.0,9.3,9.700000000000001,37.9,123.30000000000001,93.5,161.20000000000002,264.0,54.2
NTTSTU0001,20140315,-16.63024,133.2712,Macropteranthes kekwickii,3.1875,63,gda94,POINT (133.2712 -16.63024),Tefe,93.0,0.89,97.0,379.0,0.92,1233.0,0.92,935.0,0.83,1612.0,0.92,2640.0,0.91,542.0,0.57,3182.0,296.4375,309.1875,1208.0625,3930.1875,2980.3125,5138.25,8415.0,1727.625
NTTSTU0001,20140315,-16.63024,133.2712,Melaleuca viridiflora,0.1,63,gda94,POINT (133.2712 -16.63024),Tefe,93.0,0.89,97.0,379.0,0.92,1233.0,0.92,935.0,0.83,1612.0,0.92,2640.0,0.91,542.0,0.57,3182.0,9.3,9.700000000000001,37.9,123.30000000000001,93.5,161.20000000000002,264.0,54.2
NTTSTU0001,20140315,-16.63024,133.2712,Terminalia canescens,0.2,63,gda94,POINT (133.2712 -16.63024),Tefe,93.0,0.89,97.0,379.0,0.92,1233.0,0.92,935.0,0.83,1612.0,0.92,2640.0,0.91,542.0,0.57,3182.0,18.6,19.400000000000002,75.8,246.60000000000002,187.0,322.40000000000003,528.0,108.4
NTTSTU0001,20140315,-16.63024,133.2712,Terminalia volucris,4.5,63,gda94,POINT (133.2712 -16.63024),Tefe,93.0,0.89,97.0,379.0,0.92,1233.0,0.92,935.0,0.83,1612.0,0.92,2640.0,0.91,542.0,0.57,3182.0,418.5,436.5,1705.5,5548.5,4207.5,7254.0,11880.0,2439.0
